Simulation,Generation,Best Fitness,Average Fitness,Class,Strength,Agility,Expertise,Endurance,Health,Height,Total Points,Performance,v_strength,v_agility,v_expertise,v_endurance,v_health,v_height
1,0,52.9691,29.0045,Warrior,73.7226,53.4147,63.5878,8.6188,0.6561,1.9279,200,60.4780,457.7781,485.2531,441.5294,427.7385,459.8546,0.0445
1,1,55.5707,32.3681,Warrior,89.6134,59.3708,45.6113,4.6857,0.7188,1.8531,200,60.4780,412.9226,457.7480,388.3538,376.7929,436.1998,0.0446
1,2,55.5707,36.2727,Warrior,89.6134,59.3708,45.6113,4.6857,0.7188,1.8531,200,60.4780,360.4115,461.8034,388.9841,305.9697,382.7467,0.0437
1,3,55.5707,40.4613,Warrior,89.6134,59.3708,45.6113,4.6857,0.7188,1.8531,200,60.4780,308.9031,427.8586,356.1854,252.6560,306.3819,0.0369
1,4,55.5707,44.5156,Warrior,89.6134,59.3708,45.6113,4.6857,0.7188,1.8531,200,60.4780,240.3191,388.9032,330.7826,186.5827,221.0857,0.0261
1,5,55.5707,48.0403,Warrior,89.6134,59.3708,45.6113,4.6857,0.7188,1.8531,200,60.4780,170.1903,288.4429,271.6677,115.7463,160.4462,0.0167
1,6,57.0108,50.6203,Warrior,79.0377,82.5820,28.9756,8.7393,0.6653,1.9279,200,60.4780,116.3833,207.9717,229.7226,75.9868,98.7524,0.0094
1,7,58.5858,52.6873,Warrior,80.6994,73.3414,41.0743,4.2196,0.6653,1.9279,200,60.4780,78.2996,124.5149,148.8347,35.9244,60.0210,0.0056
1,8,58.5858,53.9862,Warrior,80.6994,73.3414,41.0743,4.2196,0.6653,1.9279,200,60.4780,48.7694,94.6145,107.4869,12.7572,35.5000,0.0030
1,9,58.8993,54.8562,Warrior,89.6190,77.4353,26.8966,5.0385,1.0107,1.9285,200,60.4780,31.1654,75.4687,71.4257,6.2593,24.4626,0.0017
1,10,60.2826,55.4300,Warrior,86.8468,80.7158,29.8936,1.4704,1.0733,1.9279,200,60.4780,25.6698,74.8610,59.7900,2.6477,12.1576,0.0012
1,11,60.2826,55.8186,Warrior,86.8468,80.7158,29.8936,1.4704,1.0733,1.9279,200,60.4780,24.7074,69.8693,53.6699,1.9637,6.8490,0.0011
1,12,60.2826,56.2294,Warrior,86.8468,80.7158,29.8936,1.4704,1.0733,1.9279,200,60.4780,23.7861,76.8670,58.7526,1.9257,1.5700,0.0011
1,13,60.2826,56.7072,Warrior,86.8468,80.7158,29.8936,1.4704,1.0733,1.9279,200,60.4780,25.3205,83.5129,70.1240,2.5388,0.6125,0.0014
1,14,60.3372,57.1621,Warrior,89.8756,77.6570,29.9792,1.4746,1.0136,1.9285,200,60.4780,25.1307,81.0014,72.9523,3.3831,0.6176,0.0015
1,15,60.3372,57.7557,Warrior,89.8756,77.6570,29.9792,1.4746,1.0136,1.9285,200,60.4780,23.3496,66.4126,65.0019,4.0092,0.6242,0.0014
1,16,60.3372,58.3781,Warrior,89.8756,77.6570,29.9792,1.4746,1.0136,1.9285,200,60.4780,20.0096,48.7877,54.3601,4.6341,0.3315,0.0011
1,17,60.3392,58.8677,Warrior,89.9114,77.6879,29.9152,1.4715,1.0140,1.9285,200,60.4780,16.5084,33.5893,43.2811,4.5660,0.0359,0.0008
1,18,60.4125,59.2826,Warrior,87.0227,80.8792,29.9542,1.4734,0.6705,1.9285,200,60.4780,12.8817,24.1548,33.5082,3.9891,0.0342,0.0005
1,19,60.4780,59.6259,Warrior,88.8585,79.5650,29.4674,1.4494,0.6596,1.9285,200,60.4780,9.8469,16.8007,24.6371,3.0289,0.0285,0.0003
1,20,60.4780,59.8902,Warrior,88.8585,79.5650,29.4674,1.4494,0.6596,1.9285,200,60.4780,7.4080,10.9194,15.6839,2.0016,0.0211,0.0002
2,0,55.8101,29.7649,Warrior,69.8792,81.5217,38.8175,0.2412,9.5404,1.9256,200,57.9483,418.0451,489.8064,438.2361,443.3391,471.6928,0.0392
2,1,55.9371,33.2048,Warrior,70.9261,82.7430,36.1322,0.2514,9.9473,1.9256,200,57.9483,338.4699,485.3941,382.4794,367.6542,421.0866,0.0398
2,2,55.9371,37.0742,Warrior,70.9261,82.7430,36.1322,0.2514,9.9473,1.9256,200,57.9483,270.2010,469.5952,316.8692,316.3441,377.2476,0.0398
2,3,55.9480,40.5922,Warrior,70.2621,81.9684,38.1549,0.2370,9.3776,1.9256,200,57.9483,212.3199,448.8184,265.5846,255.2903,272.5121,0.0371
2,4,56.1167,44.4041,Warrior,71.3007,82.2367,36.5952,0.2433,9.6241,1.9256,200,57.9483,145.1788,389.1490,218.4390,210.8066,188.6006,0.0320
2,5,56.1167,48.0660,Warrior,71.3007,82.2367,36.5952,0.2433,9.6241,1.9256,200,57.9483,99.8493,299.6687,147.4332,143.3259,110.2759,0.0234
2,6,57.5128,51.0048,Warrior,79.2983,77.3759,33.7886,0.2351,9.3021,1.9256,200,57.9483,70.9629,202.3002,100.5076,82.4417,49.6352,0.0166
2,7,57.5128,53.2679,Warrior,79.2983,77.3759,33.7886,0.2351,9.3021,1.9256,200,57.9483,32.4706,123.3955,45.3759,45.9073,25.0106,0.0074
2,8,57.5128,54.5623,Warrior,79.2983,77.3759,33.7886,0.2351,9.3021,1.9256,200,57.9483,20.1131,76.1381,24.4052,24.9579,10.8408,0.0032
2,9,57.5756,55.5176,Warrior,85.0908,70.0223,35.0061,0.2436,9.6372,1.9256,200,57.9483,13.8562,32.0252,9.7376,7.4457,2.6486,0.0010
2,10,57.5756,55.9473,Warrior,85.0908,70.0223,35.0061,0.2436,9.6372,1.9256,200,57.9483,15.7545,20.1037,4.5358,3.0558,0.9872,0.0004
2,11,57.6292,56.2402,Warrior,79.5333,77.0714,34.1598,0.2277,9.0078,1.9256,200,57.9483,19.6512,18.9623,3.0465,0.6180,0.4034,0.0002
2,12,57.7404,56.4699,Warrior,82.5579,75.0727,32.7828,0.2364,9.3504,1.9256,200,57.9483,26.5190,23.7607,3.2208,0.2815,0.1273,0.0001
2,13,57.8245,56.6708,Warrior,81.3161,75.9308,33.6542,0.2243,8.8745,1.9256,200,57.9483,29.5592,26.9658,3.3092,0.0467,0.1171,0.0001
2,14,57.9067,56.8880,Warrior,82.7548,75.2517,32.8609,0.2369,8.8957,1.9256,200,57.9483,28.9564,25.2201,3.2247,0.0464,0.0892,0.0000
2,15,57.9067,57.1111,Warrior,82.7548,75.2517,32.8609,0.2369,8.8957,1.9256,200,57.9483,26.4219,23.9138,3.3012,0.0464,0.0871,0.0000
2,16,57.9101,57.3160,Warrior,82.8239,75.3146,32.7213,0.2371,8.9031,1.9256,200,57.9483,21.1822,19.8237,2.8356,0.0001,0.0722,0.0000
2,17,57.9483,57.4551,Warrior,84.2301,73.8786,32.7446,0.2373,8.9094,1.9256,200,57.9483,15.6664,16.0887,2.3900,0.0000,0.0720,0.0000
3,0,55.7823,29.7481,Warrior,79.7662,97.9305,15.4722,4.0467,2.7843,1.9591,200,57.5429,422.2406,496.2153,436.6377,415.4005,495.6934,0.0403
3,1,56.0878,33.6567,Warrior,80.1154,98.3592,15.5399,3.1891,2.7965,1.9591,200,57.5429,380.0295,484.3793,377.9039,375.3687,435.9899,0.0396
3,2,56.0878,37.6990,Warrior,80.1154,98.3592,15.5399,3.1891,2.7965,1.9591,200,57.5429,353.7292,517.7648,335.7222,312.5038,389.0878,0.0410
3,3,56.0916,42.3087,Warrior,80.1202,98.3651,15.5409,3.1893,2.7844,1.9591,200,57.5429,301.9664,539.9552,319.7935,221.7081,307.8818,0.0372
3,4,56.0916,46.9550,Warrior,80.1202,98.3651,15.5409,3.1893,2.7844,1.9591,200,57.5429,213.0107,484.2969,291.4372,134.6361,194.2349,0.0318
3,5,56.4123,50.4227,Warrior,89.0135,66.6652,36.7537,4.4606,3.1071,1.9591,200,57.5429,152.8875,410.4687,254.4497,59.8842,109.1416,0.0246
3,6,56.8529,52.7543,Warrior,85.2239,94.1774,14.8793,3.0535,2.6659,1.9591,200,57.5429,92.6986,314.3137,198.9582,30.6634,46.4750,0.0166
3,7,56.8529,54.2817,Warrior,85.2239,94.1774,14.8793,3.0535,2.6659,1.9591,200,57.5429,51.4039,223.3857,124.1145,14.2485,21.1709,0.0091
3,8,56.8675,55.2115,Warrior,81.2768,80.0836,31.8291,4.0346,2.7759,1.9591,200,57.5429,26.0249,145.1310,79.9031,5.2321,6.9035,0.0042
3,9,57.1404,55.6691,Warrior,92.5937,69.7298,31.5625,3.2575,2.8565,1.9591,200,57.5429,16.1036,101.2946,49.5037,2.5658,2.9557,0.0028
3,10,57.1404,55.9634,Warrior,92.5937,69.7298,31.5625,3.2575,2.8565,1.9591,200,57.5429,12.1505,76.3095,34.2158,1.6136,1.0461,0.0015
3,11,57.1607,56.1458,Warrior,89.6445,88.3285,15.9650,3.2763,2.7857,1.9591,200,57.5429,13.9483,88.8711,42.2742,1.1650,0.5603,0.0003
3,12,57.4275,56.3065,Warrior,83.1391,81.9185,29.2721,3.0211,2.6492,1.9591,200,57.5429,15.9292,101.4053,46.7637,0.4533,0.2654,0.0001
3,13,57.4275,56.4749,Warrior,83.1391,81.9185,29.2721,3.0211,2.6492,1.9591,200,57.5429,20.5173,126.4630,57.4501,0.1806,0.1593,0.0001
3,14,57.4275,56.6326,Warrior,83.1391,81.9185,29.2721,3.0211,2.6492,1.9591,200,57.5429,24.7701,146.8732,68.3965,0.1867,0.0658,0.0001
3,15,57.6360,56.8008,Warrior,84.6216,82.6896,27.3842,2.8263,2.4783,1.9591,200,57.5429,25.6837,141.3237,68.6505,0.1697,0.0490,0.0000
3,16,57.5429,56.9415,Warrior,83.7495,81.8374,28.9704,2.9900,2.4528,1.9591,200,57.5429,24.9278,121.1718,59.7823,0.1588,0.0310,0.0000
3,17,57.5429,57.0616,Warrior,83.7495,81.8374,28.9704,2.9900,2.4528,1.9591,200,57.5429,23.4336,94.5862,44.6887,0.1243,0.0301,0.0000
4,0,52.3971,29.4257,Warrior,93.3779,67.7538,17.5748,1.8874,19.4060,1.8901,200,60.2302,444.4001,455.6882,408.1926,414.7548,459.3439,0.0398
4,1,57.6970,32.8011,Warrior,97.5669,62.1939,34.6838,3.1083,2.4470,1.8937,200,60.2302,469.4578,432.1441,378.5563,387.2144,388.5917,0.0429
4,2,58.7758,36.7344,Warrior,99.3848,63.3527,34.3992,0.3706,2.4926,1.8937,200,60.2302,483.0693,399.2645,350.2370,343.3709,331.7920,0.0431
4,3,58.7758,41.0948,Warrior,99.3848,63.3527,34.3992,0.3706,2.4926,1.8937,200,60.2302,492.2622,336.6004,328.9116,280.6689,250.6169,0.0347
4,4,58.7758,45.4243,Warrior,99.3848,63.3527,34.3992,0.3706,2.4926,1.8937,200,60.2302,457.1717,254.6624,306.7648,200.0893,173.0446,0.0261
4,5,58.7758,49.1236,Warrior,99.3848,63.3527,34.3992,0.3706,2.4926,1.8937,200,60.2302,353.8144,181.0314,257.9773,117.6827,131.3307,0.0169
4,6,58.7758,51.8901,Warrior,99.3848,63.3527,34.3992,0.3706,2.4926,1.8937,200,60.2302,266.2607,119.6843,184.5659,50.9036,105.9679,0.0112
4,7,58.9594,54.0751,Warrior,85.5088,87.0746,22.5865,2.1022,2.7280,1.8901,200,60.2302,171.8131,70.3313,117.6087,22.9584,85.2801,0.0072
4,8,60.0131,55.5610,Warrior,93.7995,82.1811,21.3171,0.3498,2.3525,1.8937,200,60.2302,116.2387,49.7703,87.4105,13.0487,64.5264,0.0035
4,9,60.0131,56.7175,Warrior,93.7995,82.1811,21.3171,0.3498,2.3525,1.8937,200,60.2302,76.7883,41.0907,55.8607,5.8897,47.8698,0.0020
4,10,60.0131,57.6608,Warrior,93.7995,82.1811,21.3171,0.3498,2.3525,1.8937,200,60.2302,49.5613,42.7998,36.3976,2.8811,30.0751,0.0008
4,11,60.0131,58.2709,Warrior,93.7995,82.1811,21.3171,0.3498,2.3525,1.8937,200,60.2302,35.4972,44.8802,25.6423,1.5949,16.2676,0.0003
4,12,60.0131,58.6220,Warrior,93.7995,82.1811,21.3171,0.3498,2.3525,1.8937,200,60.2302,29.0590,56.8462,25.2562,0.9805,8.5698,0.0003
4,13,60.1852,58.8993,Warrior,88.9110,77.7535,30.7740,0.3315,2.2299,1.8937,200,60.2302,29.3856,78.7875,33.8680,0.9044,3.9260,0.0001
4,14,60.1852,59.1217,Warrior,88.9110,77.7535,30.7740,0.3315,2.2299,1.8937,200,60.2302,26.9130,88.8007,42.4141,0.7012,1.3548,0.0001
4,15,60.1852,59.3146,Warrior,88.9110,77.7535,30.7740,0.3315,2.2299,1.8937,200,60.2302,25.6626,90.1656,48.2670,0.2920,0.7731,0.0001
4,16,60.2302,59.4968,Warrior,89.8100,85.2683,22.1179,0.3629,2.4409,1.9259,200,60.2302,22.8696,81.4636,49.0195,0.2640,0.4616,0.0001
4,17,60.2302,59.6676,Warrior,89.8100,85.2683,22.1179,0.3629,2.4409,1.9259,200,60.2302,19.4792,61.4121,45.7479,0.2263,0.4655,0.0001
5,0,52.9311,29.2216,Warrior,92.1179,80.1971,7.3707,2.6181,17.6962,1.9304,200,57.8149,432.0705,468.1413,470.7597,437.3443,441.3082,0.0388
5,1,54.5763,33.0826,Warrior,78.5425,68.3785,35.7584,2.2323,15.0883,1.9304,200,57.8149,351.6289,444.2702,425.0812,380.6078,382.7459,0.0398
5,2,54.5763,36.7289,Warrior,78.5425,68.3785,35.7584,2.2323,15.0883,1.9304,200,57.8149,289.6950,450.5916,399.5656,311.0033,304.4550,0.0409
5,3,54.5763,40.4864,Warrior,78.5425,68.3785,35.7584,2.2323,15.0883,1.9304,200,57.8149,241.8942,455.6514,394.1479,227.9201,239.2523,0.0399
5,4,54.5763,44.0889,Warrior,78.5425,68.3785,35.7584,2.2323,15.0883,1.9304,200,57.8149,196.7109,419.0640,384.5846,162.9354,167.4179,0.0382
5,5,56.3306,47.4801,Warrior,81.0569,75.7105,31.9649,1.9955,9.2723,1.8787,200,57.8149,146.6180,335.2202,368.7570,92.4076,87.7424,0.0306
5,6,56.8428,50.0309,Warrior,81.2638,75.9037,33.1833,2.2940,7.3551,1.8787,200,57.8149,102.9931,263.0882,322.2747,46.0816,51.3808,0.0208
5,7,56.9260,51.7936,Warrior,80.7299,77.2931,32.6330,2.0372,7.3068,1.8787,200,57.8149,79.7854,191.8335,274.2966,26.7569,21.6996,0.0124
5,8,56.9260,52.9846,Warrior,80.7299,77.2931,32.6330,2.0372,7.3068,1.8787,200,57.8149,63.8438,136.6387,233.6617,15.4967,12.6355,0.0065
5,9,56.9260,53.8918,Warrior,80.7299,77.2931,32.6330,2.0372,7.3068,1.8787,200,57.8149,49.0056,83.4927,173.5390,9.0433,10.7149,0.0028
5,10,56.9260,54.4840,Warrior,80.7299,77.2931,32.6330,2.0372,7.3068,1.8787,200,57.8149,36.5874,59.3593,135.6889,6.3259,10.2321,0.0017
5,11,57.3732,54.9802,Warrior,83.4386,77.9351,30.0282,1.8746,6.7235,1.8787,200,57.8149,23.8036,41.7541,87.9072,3.6024,11.6922,0.0015
5,12,57.5937,55.4442,Warrior,84.9617,73.9669,31.2185,1.9489,7.9040,1.9304,200,57.8149,14.8423,33.7613,59.0033,1.8659,11.7339,0.0011
5,13,57.6174,55.8604,Warrior,83.6177,75.1034,31.5819,1.9181,7.7789,1.9304,200,57.8149,9.8223,25.9036,39.9469,1.0779,11.4179,0.0007
5,14,57.6174,56.2208,Warrior,83.6177,75.1034,31.5819,1.9181,7.7789,1.9304,200,57.8149,7.4590,20.4706,28.0506,0.6482,9.3519,0.0006
5,15,57.6174,56.5483,Warrior,83.6177,75.1034,31.5819,1.9181,7.7789,1.9304,200,57.8149,4.8652,13.8929,16.9750,0.3417,6.1827,0.0005
5,16,57.6174,56.8012,Warrior,83.6177,75.1034,31.5819,1.9181,7.7789,1.9304,200,57.8149,2.9973,9.1699,10.1103,0.2356,3.3469,0.0005
5,17,57.7212,56.9845,Warrior,82.4276,76.1929,32.1685,2.0082,7.2028,1.9304,200,57.8149,2.4067,6.8844,5.2657,0.0796,1.8647,0.0006
5,18,57.7212,57.1320,Warrior,82.4276,76.1929,32.1685,2.0082,7.2028,1.9304,200,57.8149,2.0342,5.3066,3.2316,0.0319,0.9933,0.0007
5,19,57.8149,57.2668,Warrior,83.8593,75.3203,31.6731,1.9236,7.2236,1.9304,200,57.8149,1.9699,3.8412,3.1890,0.0248,0.4269,0.0006
6,0,52.0495,29.4208,Warrior,88.9989,51.3376,45.2322,11.8399,2.5914,1.8691,200,58.6241,422.9229,419.5112,439.0225,393.2442,430.2261,0.0419
6,1,54.2960,32.7568,Warrior,79.0645,67.9319,40.1832,10.5182,2.3021,1.8691,200,58.6241,389.9639,388.5450,411.3379,334.1428,385.4167,0.0431
6,2,54.2960,35.7396,Warrior,79.0645,67.9319,40.1832,10.5182,2.3021,1.8691,200,58.6241,380.2407,384.6396,408.1651,272.1070,348.4708,0.0413
6,3,55.5813,39.0394,Warrior,91.7916,83.0643,11.1769,8.0533,5.9139,1.9016,200,58.6241,367.2231,313.2921,410.2587,227.6287,296.8857,0.0350
6,4,55.5813,42.3784,Warrior,91.7916,83.0643,11.1769,8.0533,5.9139,1.9016,200,58.6241,321.7526,250.9564,363.3687,179.5548,244.7048,0.0295
6,5,55.5813,45.4239,Warrior,91.7916,83.0643,11.1769,8.0533,5.9139,1.9016,200,58.6241,286.2736,188.0159,344.8724,133.1905,183.2616,0.0214
6,6,55.5813,48.3139,Warrior,91.7916,83.0643,11.1769,8.0533,5.9139,1.9016,200,58.6241,217.8037,135.3378,303.6670,86.6635,118.7269,0.0146
6,7,55.5813,50.6743,Warrior,91.7916,83.0643,11.1769,8.0533,5.9139,1.9016,200,58.6241,167.7665,98.9413,277.9252,56.5518,66.1370,0.0081
6,8,56.0655,52.2286,Warrior,78.4358,70.9784,38.6509,6.8815,5.0534,1.9016,200,58.6241,126.5693,87.3895,258.3021,34.5960,43.4345,0.0045
6,9,56.0655,53.4388,Warrior,78.4358,70.9784,38.6509,6.8815,5.0534,1.9016,200,58.6241,90.0261,82.9480,239.9737,20.9284,21.1468,0.0022
6,10,56.0655,54.2404,Warrior,78.4358,70.9784,38.6509,6.8815,5.0534,1.9016,200,58.6241,61.6858,75.6203,210.7415,15.2590,10.5171,0.0008
6,11,56.7668,54.7513,Warrior,81.5858,73.8289,33.3998,6.6938,4.4917,1.9016,200,58.6241,47.8564,61.7275,175.9079,9.6224,5.1418,0.0005
6,12,56.7668,55.1796,Warrior,81.5858,73.8289,33.3998,6.6938,4.4917,1.9016,200,58.6241,33.4658,48.3956,142.0160,5.4885,2.5873,0.0003
6,13,56.9635,55.4337,Warrior,81.4327,73.6903,34.2890,6.1049,4.4831,1.9016,200,58.6241,28.9994,41.4328,131.4913,2.7036,1.8658,0.0002
6,14,57.1415,55.6441,Warrior,91.3491,63.2189,37.3954,7.4945,0.5420,1.9016,200,58.6241,28.4042,42.0311,139.8662,2.0575,1.0383,0.0001
6,15,57.2583,55.8263,Warrior,87.1848,70.6451,32.0196,5.8526,4.2979,1.9016,200,58.6241,30.5608,44.1605,151.4787,1.2433,1.0497,0.0000
6,16,58.2966,55.9801,Warrior,83.4491,75.5150,34.2269,6.2561,0.5530,1.9016,200,58.6241,31.9280,47.0192,158.4954,1.3145,1.1509,0.0000
6,17,58.4881,56.2010,Warrior,88.8411,71.9872,32.6279,5.9638,0.5800,1.9016,200,58.6241,31.0771,47.4381,149.8303,0.6310,1.5498,0.0000
6,18,58.4881,56.4008,Warrior,88.8411,71.9872,32.6279,5.9638,0.5800,1.9016,200,58.6241,29.0329,41.7866,128.6438,0.6285,1.8738,0.0000
6,19,58.6057,56.6886,Warrior,87.3012,74.2060,32.0624,5.8604,0.5700,1.9016,200,58.6241,23.8760,35.3537,98.7709,0.6083,2.6067,0.0000
6,20,58.6057,56.9382,Warrior,87.3012,74.2060,32.0624,5.8604,0.5700,1.9016,200,58.6241,18.9382,29.1411,70.2455,0.5578,3.2892,0.0000
6,21,58.6057,57.1673,Warrior,87.3012,74.2060,32.0624,5.8604,0.5700,1.9016,200,58.6241,16.0107,22.8420,49.3089,0.4533,3.7044,0.0000
6,22,58.6241,57.4336,Warrior,88.3019,73.5471,31.7776,5.8084,0.5649,1.9016,200,58.6241,13.6277,17.4481,29.6060,0.3683,3.9629,0.0000
6,23,58.6241,57.6883,Warrior,88.3019,73.5471,31.7776,5.8084,0.5649,1.9016,200,58.6241,11.8810,14.5197,20.1599,0.3148,3.6258,0.0000
6,24,58.6241,57.9504,Warrior,88.3019,73.5471,31.7776,5.8084,0.5649,1.9016,200,58.6241,9.5613,11.2667,12.9940,0.2372,2.8165,0.0000
6,25,58.6241,58.1465,Warrior,88.3019,73.5471,31.7776,5.8084,0.5649,1.9016,200,58.6241,7.6416,7.6164,7.1299,0.1441,1.9547,0.0000
7,0,54.2234,29.4395,Warrior,83.6641,85.8810,16.0715,8.3929,5.9906,1.9583,200,58.7610,433.9112,421.3931,427.7854,443.2379,450.7879,0.0408
7,1,54.5221,33.0579,Warrior,84.8044,72.3327,24.5893,9.7557,8.5178,1.9097,200,58.7610,357.5309,404.6112,422.4693,392.4640,422.6613,0.0419
7,2,55.8232,36.8082,Warrior,86.4866,73.7675,25.0771,8.5593,6.1094,1.9097,200,58.7610,284.9464,401.9295,389.3791,340.3018,359.1091,0.0409
7,3,55.8232,40.6828,Warrior,86.4866,73.7675,25.0771,8.5593,6.1094,1.9097,200,58.7610,225.2208,402.3309,379.5171,252.1280,278.4827,0.0360
7,4,55.8332,44.5508,Warrior,86.4866,73.7675,25.0771,8.5593,6.1094,1.9114,200,58.7610,160.5163,382.7181,347.4559,181.9802,211.9204,0.0258
7,5,55.9227,48.2843,Warrior,86.6102,73.8729,25.1129,8.4049,5.9991,1.9097,200,58.7610,114.9306,260.4482,285.4556,96.0189,122.7572,0.0158
7,6,55.9308,50.8567,Warrior,86.5401,73.9186,25.1285,8.4100,6.0028,1.9114,200,58.7610,88.7491,163.4916,196.5025,44.4132,76.7978,0.0113
7,7,55.9308,52.6243,Warrior,86.5401,73.9186,25.1285,8.4100,6.0028,1.9114,200,58.7610,62.3142,108.5121,129.5182,24.0641,42.6112,0.0083
7,8,56.8452,53.8387,Warrior,80.9940,83.1401,29.4722,6.3906,0.0032,1.9583,200,58.7610,41.2721,72.7055,76.8707,9.7567,24.4392,0.0046
7,9,58.7093,54.7125,Warrior,88.1603,75.3025,30.0237,6.5102,0.0032,1.9114,200,58.7610,22.8967,40.9334,36.5250,4.0112,10.5434,0.0018
7,10,58.7093,55.1961,Warrior,88.1603,75.3025,30.0237,6.5102,0.0032,1.9114,200,58.7610,12.9678,26.6060,19.3471,2.2316,5.3717,0.0007
7,11,58.7093,55.5481,Warrior,88.1603,75.3025,30.0237,6.5102,0.0032,1.9114,200,58.7610,7.1060,15.0639,10.5466,0.9033,2.8746,0.0004
7,12,58.7093,55.8165,Warrior,88.1603,75.3025,30.0237,6.5102,0.0032,1.9114,200,58.7610,4.8139,10.6664,7.0553,0.8563,3.4561,0.0002
7,13,58.7093,56.1663,Warrior,88.1603,75.3025,30.0237,6.5102,0.0032,1.9114,200,58.7610,3.5307,6.8869,5.2922,0.6394,5.5629,0.0001
7,14,58.7576,56.4970,Warrior,88.2131,75.3476,30.0416,6.3944,0.0032,1.9114,200,58.7610,2.9091,5.5411,5.3038,0.8152,7.2631,0.0001
7,15,58.7576,56.8626,Warrior,88.2131,75.3476,30.0416,6.3944,0.0032,1.9114,200,58.7610,3.2291,5.6232,5.8965,0.9448,8.7189,0.0001
7,16,58.7576,57.2614,Warrior,88.2131,75.3476,30.0416,6.3944,0.0032,1.9114,200,58.7610,3.6198,5.3519,6.0139,0.9752,9.0432,0.0001
7,17,58.7576,57.6907,Warrior,88.2131,75.3476,30.0416,6.3944,0.0032,1.9114,200,58.7610,3.8350,4.9774,5.1443,0.8414,7.8507,0.0001
7,18,58.7610,58.0316,Warrior,88.4572,75.5561,29.5714,6.4121,0.0032,1.9114,200,58.7610,3.8367,4.4750,3.7622,0.6362,5.7451,0.0001
7,19,58.7610,58.3003,Warrior,88.4572,75.5561,29.5714,6.4121,0.0032,1.9114,200,58.7610,2.8019,3.1649,2.5415,0.4439,3.6427,0.0001
8,0,59.7744,29.5137,Warrior,93.1899,78.3835,27.0857,1.0821,0.2588,1.9510,200,60.8363,393.8240,469.8812,475.4156,414.0749,437.0172,0.0419
8,1,59.7744,33.2252,Warrior,93.1899,78.3835,27.0857,1.0821,0.2588,1.9510,200,60.8363,311.5820,421.6326,398.3121,359.8856,408.8169,0.0449
8,2,59.7744,37.0718,Warrior,93.1899,78.3835,27.0857,1.0821,0.2588,1.9510,200,60.8363,287.7657,377.9228,358.9036,299.0033,343.6218,0.0456
8,3,59.7744,40.9631,Warrior,93.1899,78.3835,27.0857,1.0821,0.2588,1.9510,200,60.8363,269.5286,328.5156,334.7257,256.5654,292.3183,0.0414
8,4,60.0890,45.1213,Warrior,80.5954,87.6261,30.2795,1.2097,0.2893,1.9072,200,60.8363,238.3955,265.1145,301.1463,185.7975,217.3667,0.0341
8,5,60.3538,49.1179,Warrior,96.5985,77.2548,24.6097,1.2403,0.2967,1.8963,200,60.8363,227.7986,199.1286,236.6910,136.8686,165.4221,0.0254
8,6,60.4836,52.5345,Warrior,93.9529,75.1390,29.4502,1.1766,0.2814,1.8963,200,60.8363,194.7216,149.0066,190.5294,84.0472,114.9445,0.0172
8,7,60.4836,55.5281,Warrior,93.9529,75.1390,29.4502,1.1766,0.2814,1.8963,200,60.8363,145.9678,112.0745,131.2242,51.4729,78.8139,0.0092
8,8,60.4836,57.5839,Warrior,93.9529,75.1390,29.4502,1.1766,0.2814,1.8963,200,60.8363,102.0716,76.0792,84.2891,31.3306,42.8762,0.0042
8,9,60.7647,58.9376,Warrior,93.1163,78.3216,27.0643,1.2087,0.2891,1.9072,200,60.8363,65.4723,48.7532,38.5327,15.4580,16.5232,0.0012
8,10,60.7647,59.5558,Warrior,93.1163,78.3216,27.0643,1.2087,0.2891,1.9072,200,60.8363,53.5932,35.7462,24.8928,7.2455,5.4142,0.0006
8,11,60.7647,59.8807,Warrior,93.1163,78.3216,27.0643,1.2087,0.2891,1.9072,200,60.8363,46.3865,30.8849,10.7425,3.7255,2.0139,0.0006
8,12,60.8243,60.1313,Warrior,91.1363,81.0522,26.3530,1.1770,0.2815,1.9072,200,60.8363,44.1463,29.0193,5.5622,0.0701,1.2402,0.0005
8,13,60.8363,60.2582,Warrior,91.7566,77.1779,29.7194,1.0621,0.2840,1.9072,200,60.8363,40.5062,29.5610,4.6949,0.0329,1.0694,0.0003
9,0,51.1051,29.4985,Warrior,72.8869,83.4090,19.1102,10.1349,14.4589,1.8833,200,57.2356,420.4483,421.7312,405.4759,472.1238,472.3243,0.0437
9,1,53.7842,33.0719,Warrior,66.9173,62.9231,62.6647,0.8434,6.6514,1.8973,200,57.2356,373.3913,407.3593,370.9823,394.5439,431.8321,0.0443
9,2,53.8583,36.7914,Warrior,75.8478,86.7974,19.8865,10.5466,6.9216,1.8973,200,57.2356,306.7959,436.2669,346.2135,330.0850,389.5501,0.0407
9,3,53.8583,40.7086,Warrior,75.8478,86.7974,19.8865,10.5466,6.9216,1.8973,200,57.2356,240.6661,379.6911,307.9425,275.1220,293.7781,0.0360
9,4,53.8583,44.0909,Warrior,75.8478,86.7974,19.8865,10.5466,6.9216,1.8973,200,57.2356,189.8914,331.1721,290.8874,193.3537,204.0112,0.0283
9,5,53.8583,47.0406,Warrior,75.8478,86.7974,19.8865,10.5466,6.9216,1.8973,200,57.2356,143.6096,306.7385,275.7098,108.0037,132.6503,0.0160
9,6,53.8583,49.1868,Warrior,75.8478,86.7974,19.8865,10.5466,6.9216,1.8973,200,57.2356,93.9967,258.4866,243.8626,58.6830,73.8273,0.0090
9,7,56.2370,50.6426,Warrior,79.4694,85.9406,22.1594,3.9408,8.4898,1.9280,200,57.2356,59.8369,211.4256,215.8891,32.2918,43.9583,0.0055
9,8,56.4242,51.6440,Warrior,79.7603,86.2552,22.2406,5.5511,6.1928,1.9280,200,57.2356,38.6709,175.2923,177.5608,20.4820,29.6749,0.0024
9,9,56.4242,52.3287,Warrior,79.7603,86.2552,22.2406,5.5511,6.1928,1.9280,200,57.2356,24.0265,140.3003,156.1646,16.2281,23.1252,0.0007
9,10,56.4242,53.0083,Warrior,79.7603,86.2552,22.2406,5.5511,6.1928,1.9280,200,57.2356,17.5557,108.0443,138.9591,10.6944,15.1646,0.0004
9,11,56.4242,53.5437,Warrior,79.7603,86.2552,22.2406,5.5511,6.1928,1.9280,200,57.2356,16.0019,101.5779,127.7507,10.3559,10.5004,0.0004
9,12,56.4242,54.0513,Warrior,79.7603,86.2552,22.2406,5.5511,6.1928,1.9280,200,57.2356,11.5751,89.6455,100.9986,9.4621,6.2080,0.0003
9,13,56.4361,54.5911,Warrior,79.8860,86.0760,22.2756,5.5598,6.2026,1.9280,200,57.2356,9.8754,86.4727,86.2513,8.8894,3.0111,0.0003
9,14,56.4361,54.9924,Warrior,79.8860,86.0760,22.2756,5.5598,6.2026,1.9280,200,57.2356,8.7956,91.6469,84.6587,7.2485,1.8615,0.0003
9,15,56.6687,55.3686,Warrior,80.6850,85.5919,22.0695,5.5084,6.1452,1.9129,200,57.2356,7.6808,81.9960,74.9058,6.1087,1.5018,0.0003
9,16,56.6687,55.7366,Warrior,80.6850,85.5919,22.0695,5.5084,6.1452,1.9129,200,57.2356,5.4015,57.8090,50.5010,4.3462,0.9991,0.0002
9,17,57.1337,55.9978,Warrior,81.2856,86.2290,22.3244,3.9701,6.1909,1.9280,200,57.2356,3.0072,48.5332,40.5890,2.6623,0.6006,0.0002
9,18,57.1489,56.2236,Warrior,81.3042,86.2487,22.3295,3.9711,6.1466,1.9280,200,57.2356,1.6106,28.6978,23.8328,1.4072,0.4433,0.0001
9,19,57.1489,56.3486,Warrior,81.3042,86.2487,22.3295,3.9711,6.1466,1.9280,200,57.2356,1.3417,13.0596,11.6815,1.0313,0.3270,0.0001
9,20,57.2356,56.4689,Warrior,81.1616,86.0975,22.5493,4.0101,6.1815,1.9129,200,57.2356,0.8493,6.8746,5.9124,0.7205,0.1486,0.0001
9,21,57.2356,56.5694,Warrior,81.1616,86.0975,22.5493,4.0101,6.1815,1.9129,200,57.2356,0.3996,1.1157,0.7741,0.6130,0.0784,0.0000
9,22,57.2356,56.6536,Warrior,81.1616,86.0975,22.5493,4.0101,6.1815,1.9129,200,57.2356,0.4095,0.1646,0.0596,0.6447,0.0301,0.0000
9,23,57.2356,56.7341,Warrior,81.1616,86.0975,22.5493,4.0101,6.1815,1.9129,200,57.2356,0.3449,0.1747,0.0348,0.6306,0.0077,0.0000
10,0,52.7321,29.4179,Warrior,90.1190,61.8715,26.3785,6.3941,15.2369,1.9163,200,58.4573,447.6242,458.8557,478.2953,449.5835,477.1400,0.0403
10,1,52.7321,33.3137,Warrior,90.1190,61.8715,26.3785,6.3941,15.2369,1.9163,200,58.4573,405.3772,445.6959,458.6350,380.6370,422.1160,0.0421
10,2,55.6162,36.9447,Warrior,97.1202,63.3673,27.0162,3.9250,8.5713,1.9163,200,58.4573,354.2535,431.1172,462.9266,313.8802,351.2571,0.0426
10,3,55.6162,40.4453,Warrior,97.1202,63.3673,27.0162,3.9250,8.5713,1.9163,200,58.4573,335.0434,361.6254,441.8284,269.5450,282.0276,0.0375
10,4,55.6162,44.2388,Warrior,97.1202,63.3673,27.0162,3.9250,8.5713,1.9163,200,58.4573,290.8630,271.7343,424.0333,188.6415,187.0950,0.0299
10,5,55.6162,47.2706,Warrior,97.1202,63.3673,27.0162,3.9250,8.5713,1.9163,200,58.4573,233.5074,178.6039,366.8352,135.7460,119.5814,0.0200
10,6,55.6162,49.5924,Warrior,97.1202,63.3673,27.0162,3.9250,8.5713,1.9163,200,58.4573,185.6504,120.7698,319.6190,85.6333,69.2240,0.0110
10,7,57.2712,51.2628,Warrior,96.8419,66.4871,28.3463,6.8711,1.4535,1.9163,200,58.4573,139.4343,63.0948,228.1771,55.3985,36.5809,0.0056
10,8,58.0713,52.3620,Warrior,100.8555,65.8045,28.0553,4.0759,1.2089,1.9163,200,58.4573,101.1701,37.3572,171.3874,35.7480,26.7791,0.0022
10,9,58.3789,53.1887,Warrior,98.9517,67.9356,27.6155,4.0120,1.4852,1.9163,200,58.4573,64.6136,18.9261,101.0181,16.5131,20.1670,0.0006
10,10,58.4401,53.9172,Warrior,98.4821,67.6132,28.5304,4.1450,1.2293,1.9163,200,58.4573,43.0227,9.5342,52.7470,7.3881,20.3172,0.0000
10,11,58.4451,54.5574,Warrior,98.5614,67.6676,28.4179,4.1286,1.2245,1.9163,200,58.4573,34.4437,6.9345,34.0225,4.0052,21.7805,0.0000
10,12,58.4451,55.2610,Warrior,98.5614,67.6676,28.4179,4.1286,1.2245,1.9163,200,58.4573,27.1836,5.5535,22.5125,2.2168,23.8612,0.0000
10,13,58.4451,55.8991,Warrior,98.5614,67.6676,28.4179,4.1286,1.2245,1.9163,200,58.4573,21.2534,5.4171,15.8689,1.2699,23.7894,0.0000
10,14,58.4481,56.5987,Warrior,98.4925,67.6203,28.5334,4.1291,1.2246,1.9163,200,58.4573,11.9528,4.6938,3.4946,1.0180,22.0066,0.0000
10,15,58.4481,57.1138,Warrior,98.4925,67.6203,28.5334,4.1291,1.2246,1.9163,200,58.4573,7.1609,4.2741,0.4770,0.8570,17.3236,0.0000
10,16,58.4534,57.5481,Warrior,98.4650,67.6559,28.5255,4.1290,1.2246,1.9163,200,58.4573,4.4028,3.2614,0.3724,0.6561,12.1439,0.0000
10,17,58.4573,57.9085,Warrior,98.7627,67.8058,28.1322,4.0871,1.2122,1.9163,200,58.4573,3.3669,2.2042,0.2753,0.5172,7.7468,0.0000
