pokemon,pokeball,status_effect,health_points,noise,average_capture_rate,effectiveness,variance
caterpie,pokeball,NONE,100,0.0,0.32567622651607137,0.3,0.0017592059534615873
caterpie,pokeball,NONE,99,0.0,0.33224928356408145,0.6,0.0023397046718701283
caterpie,pokeball,NONE,98,0.0,0.3409391023302745,1.0,0.002370454561166417
caterpie,pokeball,NONE,97,0.0,0.34363644425475276,1.6,0.002338458216743296
caterpie,pokeball,NONE,96,0.0,0.3445793814560645,1.9,0.0025320483452999564
caterpie,pokeball,NONE,95,0.0,0.34726879357393636,2.2,0.0032799174036591537
caterpie,pokeball,NONE,94,0.0,0.3507378402389941,2.5,0.0032016705758230587
caterpie,pokeball,NONE,93,0.0,0.3559841099838549,2.6,0.003091053852685949
caterpie,pokeball,NONE,92,0.0,0.3588050314061034,2.8,0.0030291529127264927
caterpie,pokeball,NONE,91,0.0,0.3659937406353797,3.0,0.003312271738489238
caterpie,pokeball,NONE,90,0.0,0.36901808429406957,3.1,0.003315898597876417
caterpie,pokeball,NONE,89,0.0,0.37465776251515703,3.5,0.003730079967883693
caterpie,pokeball,NONE,88,0.0,0.37849921022619715,4.0,0.003818311624920395
caterpie,pokeball,NONE,87,0.0,0.3818573334045476,4.6,0.003889149013219165
caterpie,pokeball,NONE,86,0.0,0.3836684586221545,5.4,0.0038098857861378855
caterpie,pokeball,NONE,85,0.0,0.38762837626528,5.8,0.004304916511739755
caterpie,pokeball,NONE,84,0.0,0.3905461511570601,6.2,0.004300062759239753
caterpie,pokeball,NONE,83,0.0,0.3956110492766325,7.0,0.004767575646646854
caterpie,pokeball,NONE,82,0.0,0.3991384254292113,7.4,0.004967714230474022
caterpie,pokeball,NONE,81,0.0,0.40358430681696417,7.8,0.005385581591106965
caterpie,pokeball,NONE,80,0.0,0.4059240451593695,8.4,0.005527097935462274
caterpie,pokeball,NONE,79,0.0,0.41082464663481894,9.1,0.005959009807497092
caterpie,pokeball,NONE,78,0.0,0.4144379602353315,9.5,0.006176557126195617
caterpie,pokeball,NONE,77,0.0,0.4189790270195143,10.0,0.00656641139707785
caterpie,pokeball,NONE,76,0.0,0.4214945511985568,10.4,0.006526026052389996
caterpie,pokeball,NONE,75,0.0,0.42369685280605224,11.1,0.006488031521443692
caterpie,pokeball,NONE,74,0.0,0.42607232476190887,11.6,0.00673213609319243
caterpie,pokeball,NONE,73,0.0,0.42844400413219547,12.1,0.00698089597934543
caterpie,pokeball,NONE,72,0.0,0.43013447054325893,12.7,0.006942426761137684
caterpie,pokeball,NONE,71,0.0,0.4337216183103683,13.3,0.007604965550828985
caterpie,pokeball,NONE,70,0.0,0.43781913454470955,13.8,0.00811591606700197
caterpie,pokeball,NONE,69,0.0,0.44079472747803744,14.1,0.008197958396730336
caterpie,pokeball,NONE,68,0.0,0.4436297439761414,14.6,0.008479964443635718
caterpie,pokeball,NONE,67,0.0,0.44639238831653644,15.4,0.008574492624336032
caterpie,pokeball,NONE,66,0.0,0.44975035993180784,15.9,0.009109504380690468
caterpie,pokeball,NONE,65,0.0,0.4538966485456765,16.3,0.009674110863216451
caterpie,pokeball,NONE,64,0.0,0.45600940865788947,16.8,0.00964095423539981
caterpie,pokeball,NONE,63,0.0,0.4597552779497448,17.6,0.009967321705920181
caterpie,pokeball,NONE,62,0.0,0.46297350268105986,18.5,0.010343878450060403
caterpie,pokeball,NONE,61,0.0,0.4653151945482432,18.9,0.01039771688569314
caterpie,pokeball,NONE,60,0.0,0.46994352515543,19.1,0.011114012970757576
caterpie,pokeball,NONE,59,0.0,0.4726009011791123,19.5,0.011223381671956764
caterpie,pokeball,NONE,58,0.0,0.47695043911627655,20.4,0.012232763734545663
caterpie,pokeball,NONE,57,0.0,0.4803889325163153,21.2,0.01259505830127145
caterpie,pokeball,NONE,56,0.0,0.4847020245347688,21.9,0.013243547962801918
caterpie,pokeball,NONE,55,0.0,0.48745958803416795,22.5,0.01339536186036704
caterpie,pokeball,NONE,54,0.0,0.4906870032805586,22.9,0.013792428231563566
caterpie,pokeball,NONE,53,0.0,0.49311843203256317,23.4,0.013961773009666584
caterpie,pokeball,NONE,52,0.0,0.49620288609055585,23.7,0.014331812598020919
caterpie,pokeball,NONE,51,0.0,0.5003327212472188,24.3,0.015047546857949508
caterpie,pokeball,NONE,50,0.0,0.5040897002462064,24.8,0.015543975420643332
caterpie,pokeball,NONE,49,0.0,0.507301967908762,25.5,0.015893063378400272
caterpie,pokeball,NONE,48,0.0,0.5113455230571454,26.2,0.016569487833914192
caterpie,pokeball,NONE,47,0.0,0.5154089458363844,27.0,0.01741904676546864
caterpie,pokeball,NONE,46,0.0,0.5183331523173859,27.8,0.0178915133561933
caterpie,pokeball,NONE,45,0.0,0.5209633030177605,28.5,0.018002242286248655
caterpie,pokeball,NONE,44,0.0,0.5246706942818363,29.1,0.01860048963701982
caterpie,pokeball,NONE,43,0.0,0.5272912184145424,29.5,0.018780293846022603
caterpie,pokeball,NONE,42,0.0,0.530480697460422,30.1,0.019189252872001936
caterpie,pokeball,NONE,41,0.0,0.5333146072525835,30.9,0.019429741927874358
caterpie,pokeball,NONE,40,0.0,0.5353486655897397,31.4,0.019580700598367643
caterpie,pokeball,NONE,39,0.0,0.5386432693605527,32.3,0.02006182114833335
caterpie,pokeball,NONE,38,0.0,0.5408222412658943,33.0,0.02031451089513842
caterpie,pokeball,NONE,37,0.0,0.5443755179174092,33.5,0.020854079738382176
caterpie,pokeball,NONE,36,0.0,0.5474728753874769,34.2,0.0213290838058257
caterpie,pokeball,NONE,35,0.0,0.551114894388286,35.2,0.021974732440346666
caterpie,pokeball,NONE,34,0.0,0.5545686106940731,36.0,0.022577920240266443
caterpie,pokeball,NONE,33,0.0,0.5582341719891789,36.8,0.02328853323498336
caterpie,pokeball,NONE,32,0.0,0.5618196550673298,37.7,0.023881643075132658
caterpie,pokeball,NONE,31,0.0,0.5657770949069004,38.4,0.024794595565997588
caterpie,pokeball,NONE,30,0.0,0.5690349912387616,39.0,0.02534184740458896
caterpie,pokeball,NONE,29,0.0,0.5715929220149274,39.7,0.025670643296810756
caterpie,pokeball,NONE,28,0.0,0.5756477374300729,40.5,0.026613926874771068
caterpie,pokeball,NONE,27,0.0,0.5788732365711694,41.4,0.027105320631028003
caterpie,pokeball,NONE,26,0.0,0.5823199698516575,42.2,0.027740319867101418
caterpie,pokeball,NONE,25,0.0,0.585769393091088,43.1,0.028514335027596895
caterpie,pokeball,NONE,24,0.0,0.589484847402892,44.0,0.02934312290089848
caterpie,pokeball,NONE,23,0.0,0.5936573506580969,45.0,0.03047542233339514
caterpie,pokeball,NONE,22,0.0,0.5969579458914789,45.8,0.031099031585347256
caterpie,pokeball,NONE,21,0.0,0.6001950546439353,46.7,0.0317863636518885
caterpie,pokeball,NONE,20,0.0,0.60333171871003,47.6,0.03235983442562458
caterpie,pokeball,NONE,19,0.0,0.6067867751628865,48.6,0.03309217249797336
caterpie,pokeball,NONE,18,0.0,0.6099892925219208,49.5,0.03360625564316697
caterpie,pokeball,NONE,17,0.0,0.6134275109431735,50.3,0.03427093909487364
caterpie,pokeball,NONE,16,0.0,0.6167762229648736,51.2,0.034985280483799924
caterpie,pokeball,NONE,15,0.0,0.6201237597882074,52.2,0.03560822602861563
caterpie,pokeball,NONE,14,0.0,0.623594629096673,53.1,0.03633144969631454
caterpie,pokeball,NONE,13,0.0,0.6270255713428664,54.0,0.03701910110962824
caterpie,pokeball,NONE,12,0.0,0.6304482848008386,54.9,0.03769687964628742
caterpie,pokeball,NONE,11,0.0,0.6334072806537804,55.8,0.03829013340420149
caterpie,pokeball,NONE,10,0.0,0.636186904085292,56.6,0.03869604316938717
caterpie,pokeball,NONE,9,0.0,0.6389207667798072,57.4,0.03908299623082725
caterpie,pokeball,NONE,8,0.0,0.6420543779876007,58.3,0.039669757281589495
caterpie,pokeball,NONE,7,0.0,0.6449496921775889,59.3,0.04007602485748619
caterpie,pokeball,NONE,6,0.0,0.6475944493495691,60.1,0.04051019628647408
caterpie,pokeball,NONE,5,0.0,0.650785850048333,61.0,0.041130812155135366
caterpie,pokeball,NONE,4,0.0,0.6535339025757664,61.8,0.04151124513217897
caterpie,pokeball,NONE,3,0.0,0.6566565544613068,62.8,0.0420814287281125
caterpie,pokeball,NONE,2,0.0,0.6592762940457626,63.7,0.04247944794379482
caterpie,ultraball,NONE,100,0.0,0.6637963794422646,0.3,0.015499840537414553
caterpie,ultraball,NONE,99,0.0,0.6804374700367762,0.8,0.012724012412947464
caterpie,ultraball,NONE,98,0.0,0.6740871831779902,1.4,0.009407621036823435
caterpie,ultraball,NONE,97,0.0,0.6682527984871459,1.8,0.010033321529122036
caterpie,ultraball,NONE,96,0.0,0.6813472056748258,2.7,0.010738298252792022
caterpie,ultraball,NONE,95,0.0,0.6941022368156708,3.3,0.012511986234625627
caterpie,ultraball,NONE,94,0.0,0.6952389388903357,4.2,0.012599732547114311
caterpie,ultraball,NONE,93,0.0,0.6991709795532397,4.9,0.01256471121644696
caterpie,ultraball,NONE,92,0.0,0.7013163713066278,5.8,0.012242738100819646
caterpie,ultraball,NONE,91,0.0,0.7067588178585419,6.6,0.012379150140509916
caterpie,ultraball,NONE,90,0.0,0.7160543978902217,7.4,0.013071230683885948
caterpie,ultraball,NONE,89,0.0,0.721058052394689,8.3,0.0135118293227052
caterpie,ultraball,NONE,88,0.0,0.7319039814792719,9.2,0.014478594982388402
caterpie,ultraball,NONE,87,0.0,0.7380401585555296,9.9,0.015233554585837899
caterpie,ultraball,NONE,86,0.0,0.7499592786696753,10.8,0.016539974173547866
caterpie,ultraball,NONE,85,0.0,0.7531624653214133,11.3,0.016824638600299306
caterpie,ultraball,NONE,84,0.0,0.7631243617825884,12.2,0.01760377065058246
caterpie,ultraball,NONE,83,0.0,0.7706790006944888,13.0,0.017946308424124317
caterpie,ultraball,NONE,82,0.0,0.775328444923292,13.9,0.01841191438404184
caterpie,ultraball,NONE,81,0.0,0.7832761418150106,14.7,0.01921275637804596
caterpie,ultraball,NONE,80,0.0,0.7902345808494766,15.6,0.019818651739363168
caterpie,ultraball,NONE,79,0.0,0.797027301196739,16.6,0.02007129630202166
caterpie,ultraball,NONE,78,0.0,0.8042901038701342,17.6,0.02046459480525603
caterpie,ultraball,NONE,77,0.0,0.8094002447229077,18.4,0.020677193299822892
caterpie,ultraball,NONE,76,0.0,0.8150594255689132,19.4,0.020776388706954443
caterpie,ultraball,NONE,75,0.0,0.8215395448248957,20.4,0.021054744945093566
caterpie,ultraball,NONE,74,0.0,0.8259614716063248,21.4,0.02093068151266718
caterpie,ultraball,NONE,73,0.0,0.831302630074331,22.4,0.02105098136421572
caterpie,ultraball,NONE,72,0.0,0.8357935945804563,23.4,0.02097685666065915
caterpie,ultraball,NONE,71,0.0,0.8402841906662585,24.4,0.020937043566439696
caterpie,ultraball,NONE,70,0.0,0.844869917390865,25.3,0.020962948177088808
caterpie,ultraball,NONE,69,0.0,0.8489995431390998,26.3,0.020863566390072252
caterpie,ultraball,NONE,68,0.0,0.8528607776047318,27.3,0.02078936935872483
caterpie,ultraball,NONE,67,0.0,0.8559770786784898,28.2,0.020717683995876864
caterpie,ultraball,NONE,66,0.0,0.86001892118373,29.2,0.020682789343070725
caterpie,ultraball,NONE,65,0.0,0.8632235693276349,30.2,0.020546841062725005
caterpie,ultraball,NONE,64,0.0,0.8658008387555226,31.1,0.020346152526609082
caterpie,ultraball,NONE,63,0.0,0.8690715942789335,32.0,0.02021864783074193
caterpie,ultraball,NONE,62,0.0,0.8719178027063209,33.0,0.020083696672910448
caterpie,ultraball,NONE,61,0.0,0.8739272573168355,34.0,0.01991275475486698
caterpie,ultraball,NONE,60,0.0,0.8758111859794991,35.0,0.01972814189737567
caterpie,ultraball,NONE,59,0.0,0.8785823602327154,36.0,0.019579290215105422
caterpie,ultraball,NONE,58,0.0,0.8810732812530285,37.0,0.01942465750665074
caterpie,ultraball,NONE,57,0.0,0.8837475030292186,38.0,0.019291026120213148
caterpie,ultraball,NONE,56,0.0,0.8859613026266543,39.0,0.01912222340940859
caterpie,ultraball,NONE,55,0.0,0.8884404047434662,40.0,0.018983090529259554
caterpie,ultraball,NONE,54,0.0,0.8908082178178244,41.0,0.01883710997565925
caterpie,ultraball,NONE,53,0.0,0.8926996753669753,42.0,0.01865575517963177
caterpie,ultraball,NONE,52,0.0,0.8948894779105063,43.0,0.01850519677071172
caterpie,ultraball,NONE,51,0.0,0.8968360801063462,44.0,0.018328811804530495
caterpie,ultraball,NONE,50,0.0,0.8987465759381995,45.0,0.018157714329827872
caterpie,ultraball,NONE,49,0.0,0.9006937571701573,46.0,0.018001894768047224
caterpie,ultraball,NONE,48,0.0,0.90256745986506,47.0,0.01784479598921933
caterpie,ultraball,NONE,47,0.0,0.9041008251827113,48.0,0.017674627673112626
caterpie,ultraball,NONE,46,0.0,0.9058444465430255,49.0,0.01751744244052856
caterpie,ultraball,NONE,45,0.0,0.9072965793226601,50.0,0.01734708913406967
caterpie,ultraball,NONE,44,0.0,0.9089229551240169,51.0,0.01719087973882612
caterpie,ultraball,NONE,43,0.0,0.910493249001189,52.0,0.0170350371636295
caterpie,ultraball,NONE,42,0.0,0.91201031257744,53.0,0.016879793670052635
caterpie,ultraball,NONE,41,0.0,0.9132880652277636,54.0,0.016714026975373934
caterpie,ultraball,NONE,40,0.0,0.9147095723551774,55.0,0.016561267483951966
caterpie,ultraball,NONE,39,0.0,0.9160852244139648,56.0,0.01640958780026649
caterpie,ultraball,NONE,38,0.0,0.9174172049788224,57.0,0.016259116830603045
caterpie,ultraball,NONE,37,0.0,0.9186952933958363,58.0,0.016108065946975156
caterpie,ultraball,NONE,36,0.0,0.9199461350359004,59.0,0.015960384255536083
caterpie,ultraball,NONE,35,0.0,0.9211590723838412,60.0,0.015814189357316266
caterpie,ultraball,NONE,34,0.0,0.9223358026467692,61.0,0.01566954649171294
caterpie,ultraball,NONE,33,0.0,0.9234779231960812,62.0,0.015526509420875668
caterpie,ultraball,NONE,32,0.0,0.9245869388019351,63.0,0.015385121806964672
caterpie,ultraball,NONE,31,0.0,0.9256642682476217,64.0,0.01524541842526296
caterpie,ultraball,NONE,30,0.0,0.9267112503849791,65.0,0.015107426233806433
caterpie,ultraball,NONE,29,0.0,0.9277291496851878,66.0,0.014971165317408941
caterpie,ultraball,NONE,28,0.0,0.9287191613333359,67.0,0.014836649721575841
caterpie,ultraball,NONE,27,0.0,0.9296824159099125,68.0,0.014703888189756641
caterpie,ultraball,NONE,26,0.0,0.9306199836977803,69.0,0.014572884815633258
caterpie,ultraball,NONE,25,0.0,0.9315328786491253,70.0,0.014443639620631372
caterpie,ultraball,NONE,24,0.0,0.9324220620432925,71.0,0.014316149065541661
caterpie,ultraball,NONE,23,0.0,0.9332884458632503,72.0,0.01419040650401483
caterpie,ultraball,NONE,22,0.0,0.9341328959156142,73.0,0.014066402584722948
caterpie,ultraball,NONE,21,0.0,0.934956234716669,74.0,0.013944125608138385
caterpie,ultraball,NONE,20,0.0,0.9357592441646114,75.0,0.013823561843151257
caterpie,ultraball,NONE,19,0.0,0.9365426680162625,76.0,0.013704695808112
caterpie,ultraball,NONE,18,0.0,0.9373072141847413,77.0,0.013587510520333112
caterpie,ultraball,NONE,17,0.0,0.9380535568730182,78.0,0.013471987717602678
caterpie,ultraball,NONE,16,0.0,0.938782338556865,79.0,0.01335810805484211
caterpie,ultraball,NONE,15,0.0,0.9394941718294596,80.0,0.013245851278672786
caterpie,ultraball,NONE,14,0.0,0.9401896411187762,81.0,0.013135196382335002
caterpie,ultraball,NONE,13,0.0,0.940869304287881,82.0,0.01302612174312027
caterpie,ultraball,NONE,12,0.0,0.941533694127343,83.0,0.012918605244230916
caterpie,ultraball,NONE,11,0.0,0.9421833197481503,84.0,0.012812624382763309
caterpie,ultraball,NONE,10,0.0,0.942818667882786,85.0,0.01270815636531971
caterpie,ultraball,NONE,9,0.0,0.9434402041014514,86.0,0.01260517819258533
caterpie,ultraball,NONE,8,0.0,0.9440483739498228,87.0,0.012503666734058496
caterpie,ultraball,NONE,7,0.0,0.9446436040141865,88.0,0.01240359879399068
caterpie,ultraball,NONE,6,0.0,0.9452263029193002,89.0,0.01230495116947716
caterpie,ultraball,NONE,5,0.0,0.9457968622638908,90.0,0.012207700701536576
caterpie,ultraball,NONE,4,0.0,0.9463556574982838,91.0,0.012111824319926752
caterpie,ultraball,NONE,3,0.0,0.9469030487483012,92.0,0.012017299082363651
caterpie,ultraball,NONE,2,0.0,0.9474393815892275,93.0,0.011924102208738926
caterpie,fastball,NONE,100,0.0,0.29573302853406436,0.3,0.000635698794443727
caterpie,fastball,NONE,99,0.0,0.32711904844304973,0.8,0.0019472490292062668
caterpie,fastball,NONE,98,0.0,0.3293831034031483,1.2,0.001420123147706817
caterpie,fastball,NONE,97,0.0,0.3317922965434238,1.5,0.0014107257847285116
caterpie,fastball,NONE,96,0.0,0.3400735089621509,2.0,0.0016645512971754485
caterpie,fastball,NONE,95,0.0,0.34518684914601233,2.5,0.0019516453061837738
caterpie,fastball,NONE,94,0.0,0.3525123849834561,3.0,0.0023839682871893073
caterpie,fastball,NONE,93,0.0,0.35716627640378906,3.1,0.0026051768624253974
caterpie,fastball,NONE,92,0.0,0.3663499151343912,3.5,0.003114705772923228
caterpie,fastball,NONE,91,0.0,0.36632852158089224,4.0,0.0030561768037634506
caterpie,fastball,NONE,90,0.0,0.3681825864409404,4.3,0.003468004059659251
caterpie,fastball,NONE,89,0.0,0.37434653736866585,4.6,0.003922638006380761
caterpie,fastball,NONE,88,0.0,0.3797391976861399,5.1,0.00440239837676173
caterpie,fastball,NONE,87,0.0,0.383732620575716,5.6,0.004539477224892372
caterpie,fastball,NONE,86,0.0,0.3870117051284209,5.9,0.004572521507625158
caterpie,fastball,NONE,85,0.0,0.39067503474543674,6.4,0.004605950852365636
caterpie,fastball,NONE,84,0.0,0.39266515012210657,6.7,0.0046966263548818546
caterpie,fastball,NONE,83,0.0,0.3952135449051915,7.3,0.0046625152522762215
caterpie,fastball,NONE,82,0.0,0.3985098911273731,7.7,0.004720503074320606
caterpie,fastball,NONE,81,0.0,0.4003300364946437,8.2,0.004676561279982218
caterpie,fastball,NONE,80,0.0,0.403247604565804,8.6,0.004834503348849455
caterpie,fastball,NONE,79,0.0,0.40727379466916214,9.0,0.005084688562797641
caterpie,fastball,NONE,78,0.0,0.40982669114030035,9.3,0.005249445770705975
caterpie,fastball,NONE,77,0.0,0.4123538743418801,9.6,0.0053059550437161
caterpie,fastball,NONE,76,0.0,0.4143459723001416,10.0,0.005628665845464723
caterpie,fastball,NONE,75,0.0,0.41795171058170894,10.3,0.006197513867898671
caterpie,fastball,NONE,74,0.0,0.4224825957697885,10.9,0.006905369799686431
caterpie,fastball,NONE,73,0.0,0.42537838852858173,11.5,0.007092107781106245
caterpie,fastball,NONE,72,0.0,0.429558509969652,12.2,0.007437177526759037
caterpie,fastball,NONE,71,0.0,0.43310254433568324,12.7,0.007648486142624429
caterpie,fastball,NONE,70,0.0,0.43503360828581555,13.0,0.0077437235422282
caterpie,fastball,NONE,69,0.0,0.43810504947481077,13.3,0.008174677458151858
caterpie,fastball,NONE,68,0.0,0.441138192696439,14.0,0.008592427367807407
caterpie,fastball,NONE,67,0.0,0.44564134208383155,14.6,0.009059198733879116
caterpie,fastball,NONE,66,0.0,0.4502591369225004,15.0,0.009587969417443179
caterpie,fastball,NONE,65,0.0,0.45329439499652074,15.7,0.009806250457892702
caterpie,fastball,NONE,64,0.0,0.45659406231447053,16.3,0.010038235983060634
caterpie,fastball,NONE,63,0.0,0.45985585281347874,16.9,0.010374142744660135
caterpie,fastball,NONE,62,0.0,0.462681527514019,17.4,0.010505675215013482
caterpie,fastball,NONE,61,0.0,0.4651851346940407,18.0,0.010645221839857087
caterpie,fastball,NONE,60,0.0,0.46854834976936977,18.4,0.010995351790313244
caterpie,fastball,NONE,59,0.0,0.4713533935063624,18.8,0.011222618607333677
caterpie,fastball,NONE,58,0.0,0.47448881190166675,19.4,0.011715369818023992
caterpie,fastball,NONE,57,0.0,0.478144201353005,19.8,0.012349030363381728
caterpie,fastball,NONE,56,0.0,0.4809704737961482,20.6,0.012570878353188888
caterpie,fastball,NONE,55,0.0,0.48399822643128165,21.0,0.012854047660448741
caterpie,fastball,NONE,54,0.0,0.48673165878334373,21.7,0.013342503912347366
caterpie,fastball,NONE,53,0.0,0.4893713466951166,22.5,0.013550694653928937
caterpie,fastball,NONE,52,0.0,0.49311524458845324,23.0,0.01410173374035029
caterpie,fastball,NONE,51,0.0,0.49631657591283124,23.9,0.01459900273555378
caterpie,fastball,NONE,50,0.0,0.4996365984706395,24.6,0.015084259823264801
caterpie,fastball,NONE,49,0.0,0.5036720316173797,25.2,0.01587267104926652
caterpie,fastball,NONE,48,0.0,0.5076148394961584,25.9,0.016549592837497813
caterpie,fastball,NONE,47,0.0,0.5111489854751586,26.7,0.017002655638991705
caterpie,fastball,NONE,46,0.0,0.5140652033067733,27.3,0.01741609468469577
caterpie,fastball,NONE,45,0.0,0.5170640526970258,27.7,0.017643502744860137
caterpie,fastball,NONE,44,0.0,0.5207434218674082,28.5,0.01835733907813109
caterpie,fastball,NONE,43,0.0,0.5247117295202689,29.2,0.019041816804227178
caterpie,fastball,NONE,42,0.0,0.5284450402103122,29.7,0.019608865699469326
caterpie,fastball,NONE,41,0.0,0.5317154449421986,30.4,0.02012817837052713
caterpie,fastball,NONE,40,0.0,0.5353455442035416,31.0,0.02063675194060518
caterpie,fastball,NONE,39,0.0,0.5388576590592222,31.9,0.021369062332935236
caterpie,fastball,NONE,38,0.0,0.5434162269406969,32.8,0.02249351625303726
caterpie,fastball,NONE,37,0.0,0.5467950967823838,33.2,0.023181209575273063
caterpie,fastball,NONE,36,0.0,0.5490387780870987,33.6,0.023360469663150182
caterpie,fastball,NONE,35,0.0,0.5528911843415869,34.5,0.024296622565590363
caterpie,fastball,NONE,34,0.0,0.5567407439763404,35.4,0.024956063216429188
caterpie,fastball,NONE,33,0.0,0.559253755193302,36.0,0.0251735144220068
caterpie,fastball,NONE,32,0.0,0.5628118807663991,37.0,0.025748091224914862
caterpie,fastball,NONE,31,0.0,0.5652398114758503,37.8,0.025903858110358557
caterpie,fastball,NONE,30,0.0,0.5683177136497998,38.6,0.026374068477044273
caterpie,fastball,NONE,29,0.0,0.5716635858172198,39.4,0.027040547598715905
caterpie,fastball,NONE,28,0.0,0.575069144219471,40.0,0.027636193585192398
caterpie,fastball,NONE,27,0.0,0.5783886394497864,40.9,0.02824140469449777
caterpie,fastball,NONE,26,0.0,0.5814739118093538,41.4,0.02880800933760391
caterpie,fastball,NONE,25,0.0,0.5849426885370563,42.3,0.029505152664728737
caterpie,fastball,NONE,24,0.0,0.5871985450667334,42.9,0.029641746972682067
caterpie,fastball,NONE,23,0.0,0.5909879521481155,43.8,0.03043797713925844
caterpie,fastball,NONE,22,0.0,0.5939463830651135,44.5,0.03083677780272677
caterpie,fastball,NONE,21,0.0,0.5972625371119169,45.0,0.031394043854708294
caterpie,fastball,NONE,20,0.0,0.6010943603223888,45.9,0.03234579633380215
caterpie,fastball,NONE,19,0.0,0.6049365197919364,46.9,0.03325847281147473
caterpie,fastball,NONE,18,0.0,0.608149183193865,47.5,0.03375186133689208
caterpie,fastball,NONE,17,0.0,0.6113490230991555,48.5,0.034304778993702184
caterpie,fastball,NONE,16,0.0,0.6145496521132648,49.4,0.034906516553340615
caterpie,fastball,NONE,15,0.0,0.6178733569109315,50.2,0.035631343827328854
caterpie,fastball,NONE,14,0.0,0.6206366233442424,51.1,0.0360887375070038
caterpie,fastball,NONE,13,0.0,0.6240048828404122,52.1,0.03675785436237709
caterpie,fastball,NONE,12,0.0,0.6263484334349303,53.0,0.03689719509283999
caterpie,fastball,NONE,11,0.0,0.6298922887234262,53.8,0.03765081732958955
caterpie,fastball,NONE,10,0.0,0.6321661781701193,54.7,0.03791541853897342
caterpie,fastball,NONE,9,0.0,0.6353907226545236,55.7,0.03850677793901688
caterpie,fastball,NONE,8,0.0,0.6386737084969306,56.6,0.03912702642308087
caterpie,fastball,NONE,7,0.0,0.6413739557430522,57.4,0.03957180473406871
caterpie,fastball,NONE,6,0.0,0.6440242113293454,58.4,0.039873957312631714
caterpie,fastball,NONE,5,0.0,0.6473174230161042,59.4,0.04052271960521048
caterpie,fastball,NONE,4,0.0,0.6502914640400911,60.3,0.04105185005276914
caterpie,fastball,NONE,3,0.0,0.6533423192867133,61.2,0.04160949927803364
caterpie,fastball,NONE,2,0.0,0.6564538711083432,62.1,0.042177144093067
caterpie,heavyball,NONE,100,0.0,0.2919891182182278,0.2,0.0016539846510031694
caterpie,heavyball,NONE,99,0.0,0.29575682092561556,0.4,0.0017837194875606516
caterpie,heavyball,NONE,98,0.0,0.31335773672727885,0.6,0.0025018918593898193
caterpie,heavyball,NONE,97,0.0,0.3172399549421593,1.0,0.0022607072779062725
caterpie,heavyball,NONE,96,0.0,0.31639228643603845,1.5,0.0022472334645244414
caterpie,heavyball,NONE,95,0.0,0.31879657990815313,2.0,0.0023284371224483466
caterpie,heavyball,NONE,94,0.0,0.3220901776440317,2.3,0.0025047243463330524
caterpie,heavyball,NONE,93,0.0,0.32415981528822124,2.7,0.002512845402821596
caterpie,heavyball,NONE,92,0.0,0.32940003221628644,3.2,0.0026331992881528125
caterpie,heavyball,NONE,91,0.0,0.3305438025449008,3.4,0.002470698581467211
caterpie,heavyball,NONE,90,0.0,0.3362316796575331,3.7,0.0027393345181403496
caterpie,heavyball,NONE,89,0.0,0.34234330702522775,4.3,0.003066188458091873
caterpie,heavyball,NONE,88,0.0,0.34640337324627885,4.9,0.0032297694754231223
caterpie,heavyball,NONE,87,0.0,0.3488092328715367,5.2,0.003115480692176712
caterpie,heavyball,NONE,86,0.0,0.3515183023493392,5.9,0.0032085316569339054
caterpie,heavyball,NONE,85,0.0,0.3548758661438357,6.2,0.003306235171824423
caterpie,heavyball,NONE,84,0.0,0.35860862215965644,6.6,0.003397285485847804
caterpie,heavyball,NONE,83,0.0,0.36327970701503276,7.0,0.0036825358870081464
caterpie,heavyball,NONE,82,0.0,0.36564662069154547,7.4,0.0036546058835940846
caterpie,heavyball,NONE,81,0.0,0.3696235512845641,7.8,0.0039147756677669725
caterpie,heavyball,NONE,80,0.0,0.3725963797395014,8.3,0.004080502502688235
caterpie,heavyball,NONE,79,0.0,0.37436581188876317,8.8,0.004123360945687495
caterpie,heavyball,NONE,78,0.0,0.3770626933282425,9.4,0.004277820335850772
caterpie,heavyball,NONE,77,0.0,0.3799110052289226,9.7,0.004580286332337755
caterpie,heavyball,NONE,76,0.0,0.38309642138693994,10.2,0.004718466001478308
caterpie,heavyball,NONE,75,0.0,0.38698392515752583,10.6,0.005009915287078979
caterpie,heavyball,NONE,74,0.0,0.39018534370046504,11.2,0.005322456803640512
caterpie,heavyball,NONE,73,0.0,0.39454499867801174,11.5,0.0057483413864420334
caterpie,heavyball,NONE,72,0.0,0.3965023129435196,12.1,0.005939921772152127
caterpie,heavyball,NONE,71,0.0,0.40132522063790116,13.0,0.006631258018442613
caterpie,heavyball,NONE,70,0.0,0.40453592662030313,13.6,0.006903816756905941
caterpie,heavyball,NONE,69,0.0,0.405464321526548,14.2,0.0068941303353027335
caterpie,heavyball,NONE,68,0.0,0.40765325087754656,14.5,0.006891421008326953
caterpie,heavyball,NONE,67,0.0,0.4109230014386695,15.2,0.00729886963687364
caterpie,heavyball,NONE,66,0.0,0.41348253407491664,15.8,0.007389510099619608
caterpie,heavyball,NONE,65,0.0,0.4169007073470114,16.5,0.00769458116263138
caterpie,heavyball,NONE,64,0.0,0.4200887145070677,17.3,0.008008745245780189
caterpie,heavyball,NONE,63,0.0,0.42365459666205285,17.9,0.008376376867700933
caterpie,heavyball,NONE,62,0.0,0.42580297727698807,18.7,0.008473021681432207
caterpie,heavyball,NONE,61,0.0,0.4295861222255239,19.5,0.008970112261552778
caterpie,heavyball,NONE,60,0.0,0.4324722137868866,20.1,0.009197933118919007
caterpie,heavyball,NONE,59,0.0,0.4350212693832977,20.5,0.009339747232169312
caterpie,heavyball,NONE,58,0.0,0.4383164610424387,21.1,0.009834893706576505
caterpie,heavyball,NONE,57,0.0,0.44151340830832586,21.6,0.010158199241257538
caterpie,heavyball,NONE,56,0.0,0.44442862018588597,22.2,0.010486864564594066
caterpie,heavyball,NONE,55,0.0,0.44673627380083464,22.7,0.010679271115876807
caterpie,heavyball,NONE,54,0.0,0.44884072473172,23.4,0.010778677844144545
caterpie,heavyball,NONE,53,0.0,0.45148181968717543,24.2,0.011106671801622421
caterpie,heavyball,NONE,52,0.0,0.4543575867640174,24.4,0.011497942220286222
caterpie,heavyball,NONE,51,0.0,0.45700842257409346,25.1,0.011758418800510725
caterpie,heavyball,NONE,50,0.0,0.4608302222465032,25.4,0.012480573186914118
caterpie,heavyball,NONE,49,0.0,0.4642278997745858,26.0,0.012929560815123335
caterpie,heavyball,NONE,48,0.0,0.4665303519688358,26.7,0.01315536163164496
caterpie,heavyball,NONE,47,0.0,0.4694317416280581,27.4,0.013485963685024947
caterpie,heavyball,NONE,46,0.0,0.4727864808316354,27.8,0.014059738129084343
caterpie,heavyball,NONE,45,0.0,0.4756259056374963,28.4,0.014322000642514387
caterpie,heavyball,NONE,44,0.0,0.47760082985754193,29.1,0.014389385832323952
caterpie,heavyball,NONE,43,0.0,0.48149662367219065,29.7,0.015117854576559795
caterpie,heavyball,NONE,42,0.0,0.48360276409034736,30.4,0.015256730364840907
caterpie,heavyball,NONE,41,0.0,0.4870820453046061,30.9,0.015775672274866537
caterpie,heavyball,NONE,40,0.0,0.4912705968865334,31.4,0.016718261902214746
caterpie,heavyball,NONE,39,0.0,0.495294371781437,32.2,0.01763034397671369
caterpie,heavyball,NONE,38,0.0,0.4985057917139284,33.2,0.01808326550747942
caterpie,heavyball,NONE,37,0.0,0.5021225035622287,34.1,0.018802916644562018
caterpie,heavyball,NONE,36,0.0,0.5058544496822588,34.8,0.01962664237246436
caterpie,heavyball,NONE,35,0.0,0.5087336940164383,35.4,0.020014185770553958
caterpie,heavyball,NONE,34,0.0,0.5106932898558685,36.1,0.020241776666955653
caterpie,heavyball,NONE,33,0.0,0.5137512948854277,36.9,0.020935485337930913
caterpie,heavyball,NONE,32,0.0,0.5161824887545087,37.7,0.021153386785633187
caterpie,heavyball,NONE,31,0.0,0.5192476527717981,38.5,0.021635679144619044
caterpie,heavyball,NONE,30,0.0,0.5223688836097908,39.1,0.022140714295432656
caterpie,heavyball,NONE,29,0.0,0.5252120806994129,40.0,0.02251047081051324
caterpie,heavyball,NONE,28,0.0,0.5277423149500411,40.7,0.022853908191032377
caterpie,heavyball,NONE,27,0.0,0.530431243918897,41.6,0.02329927181086049
caterpie,heavyball,NONE,26,0.0,0.533496292752563,42.4,0.023920349915759764
caterpie,heavyball,NONE,25,0.0,0.5364260756789996,43.1,0.02438774757338198
caterpie,heavyball,NONE,24,0.0,0.5395292793397604,44.1,0.024964359002934942
caterpie,heavyball,NONE,23,0.0,0.5431943778238301,44.9,0.025805689219662243
caterpie,heavyball,NONE,22,0.0,0.5462747859811444,45.5,0.02641912630628255
caterpie,heavyball,NONE,21,0.0,0.5494019469464206,46.5,0.02695277611302817
caterpie,heavyball,NONE,20,0.0,0.5518921896813946,47.1,0.02723724001169679
caterpie,heavyball,NONE,19,0.0,0.5552463407088746,48.1,0.028038058595734057
caterpie,heavyball,NONE,18,0.0,0.5577797799331565,48.9,0.02837563473153055
caterpie,heavyball,NONE,17,0.0,0.5602572710464301,49.4,0.02858599487165314
caterpie,heavyball,NONE,16,0.0,0.5635426670789923,50.3,0.029210354358664467
caterpie,heavyball,NONE,15,0.0,0.5670814359016989,51.1,0.030074536989814826
caterpie,heavyball,NONE,14,0.0,0.5704754623334549,52.0,0.030792655559364297
caterpie,heavyball,NONE,13,0.0,0.5732815718091601,52.9,0.031244192887751012
caterpie,heavyball,NONE,12,0.0,0.576032089410784,53.7,0.031763715088402686
caterpie,heavyball,NONE,11,0.0,0.5794612286332962,54.6,0.03265458260151101
caterpie,heavyball,NONE,10,0.0,0.5825462990220448,55.3,0.033241769866928186
caterpie,heavyball,NONE,9,0.0,0.5852131325172414,56.2,0.033627110711353575
caterpie,heavyball,NONE,8,0.0,0.5881625030048561,57.1,0.034112725189186635
caterpie,heavyball,NONE,7,0.0,0.591289714531752,57.9,0.034729925489940576
caterpie,heavyball,NONE,6,0.0,0.5943436379512832,58.8,0.03533528271466371
caterpie,heavyball,NONE,5,0.0,0.5971661902054528,59.6,0.03586449260762263
caterpie,heavyball,NONE,4,0.0,0.5997161477131914,60.5,0.036187528967467686
caterpie,heavyball,NONE,3,0.0,0.6023607033647403,61.4,0.036569797089290014
caterpie,heavyball,NONE,2,0.0,0.6046379305193669,62.2,0.03684221636190854
mewtwo,pokeball,NONE,100,0.0,0.004013189561535839,0.0,2.434674592975783e-07
mewtwo,pokeball,NONE,99,0.0,0.003985681288439113,0.0,2.0096216917808037e-07
mewtwo,pokeball,NONE,98,0.0,0.004053369118229457,0.0,1.7193231029199372e-07
mewtwo,pokeball,NONE,97,0.0,0.004083764468491786,0.0,2.0192333837245e-07
mewtwo,pokeball,NONE,96,0.0,0.004125632949021291,0.0,1.790558315471143e-07
mewtwo,pokeball,NONE,95,0.0,0.004103644921053428,0.0,2.4129320832125657e-07
mewtwo,pokeball,NONE,94,0.0,0.004168232750075578,0.0,2.801479106519405e-07
mewtwo,pokeball,NONE,93,0.0,0.004227301681514717,0.0,3.2680063089800045e-07
mewtwo,pokeball,NONE,92,0.0,0.004235121123945143,0.0,3.3213638938568394e-07
mewtwo,pokeball,NONE,91,0.0,0.004291319208981431,0.0,3.768074456388202e-07
mewtwo,pokeball,NONE,90,0.0,0.004324430455012443,0.0,4.0022529322804187e-07
mewtwo,pokeball,NONE,89,0.0,0.004326997399804179,0.0,4.0857792060772866e-07
mewtwo,pokeball,NONE,88,0.0,0.004382399883861863,0.0,4.497150046783895e-07
mewtwo,pokeball,NONE,87,0.0,0.004378693874390782,0.0,4.47105893731562e-07
mewtwo,pokeball,NONE,86,0.0,0.0044311098398246785,0.1,4.977278451502698e-07
mewtwo,pokeball,NONE,85,0.0,0.0044564622145794475,0.1,5.136391372044911e-07
mewtwo,pokeball,NONE,84,0.0,0.0045022816002533795,0.1,5.479851047506495e-07
mewtwo,pokeball,NONE,83,0.0,0.0045352066788092804,0.1,5.754056864821901e-07
mewtwo,pokeball,NONE,82,0.0,0.004567626428721246,0.1,5.759961436572356e-07
mewtwo,pokeball,NONE,81,0.0,0.004622304760018826,0.1,6.358541365284821e-07
mewtwo,pokeball,NONE,80,0.0,0.004652386757036173,0.1,6.31723463783709e-07
mewtwo,pokeball,NONE,79,0.0,0.004706574610358391,0.1,6.818048992829682e-07
mewtwo,pokeball,NONE,78,0.0,0.004771259674152709,0.1,7.863827865112022e-07
mewtwo,pokeball,NONE,77,0.0,0.004827966130548274,0.1,8.462739950097154e-07
mewtwo,pokeball,NONE,76,0.0,0.004845441398535136,0.1,8.59370126880857e-07
mewtwo,pokeball,NONE,75,0.0,0.004892223082144097,0.1,9.031226875989963e-07
mewtwo,pokeball,NONE,74,0.0,0.004927055621020264,0.1,9.286379775734866e-07
mewtwo,pokeball,NONE,73,0.0,0.004993193126025392,0.1,1.039357751795599e-06
mewtwo,pokeball,NONE,72,0.0,0.005033112886439022,0.1,1.066698127136821e-06
mewtwo,pokeball,NONE,71,0.0,0.005092925234957385,0.1,1.1453880457244205e-06
mewtwo,pokeball,NONE,70,0.0,0.005148792243074172,0.1,1.2137806810951932e-06
mewtwo,pokeball,NONE,69,0.0,0.005191294872018561,0.2,1.2436372958608126e-06
mewtwo,pokeball,NONE,68,0.0,0.005231637123128535,0.2,1.2769978292034066e-06
mewtwo,pokeball,NONE,67,0.0,0.005280125969476597,0.2,1.323815920763578e-06
mewtwo,pokeball,NONE,66,0.0,0.0053089222376776005,0.2,1.3337676453118037e-06
mewtwo,pokeball,NONE,65,0.0,0.0053560671400921306,0.2,1.3850090044325816e-06
mewtwo,pokeball,NONE,64,0.0,0.0054093681750518536,0.2,1.4749507144984742e-06
mewtwo,pokeball,NONE,63,0.0,0.005454564846452191,0.2,1.5763856136183415e-06
mewtwo,pokeball,NONE,62,0.0,0.005498167159741581,0.2,1.6292974827118376e-06
mewtwo,pokeball,NONE,61,0.0,0.005549475198293675,0.2,1.7224548063436137e-06
mewtwo,pokeball,NONE,60,0.0,0.005585684436831376,0.2,1.7426776019807877e-06
mewtwo,pokeball,NONE,59,0.0,0.005612008960453217,0.2,1.7453547742425075e-06
mewtwo,pokeball,NONE,58,0.0,0.005637334620544899,0.2,1.737628080861933e-06
mewtwo,pokeball,NONE,57,0.0,0.005678390625199039,0.3,1.7932336503877485e-06
mewtwo,pokeball,NONE,56,0.0,0.005712699502757652,0.3,1.8276014431438342e-06
mewtwo,pokeball,NONE,55,0.0,0.005759940125183495,0.3,1.9337400923801526e-06
mewtwo,pokeball,NONE,54,0.0,0.005794597026263407,0.3,1.9876691177784675e-06
mewtwo,pokeball,NONE,53,0.0,0.005829874480565814,0.3,2.0384992118218823e-06
mewtwo,pokeball,NONE,52,0.0,0.005872763370101062,0.3,2.1179491128623362e-06
mewtwo,pokeball,NONE,51,0.0,0.005922336565149832,0.3,2.22439504539512e-06
mewtwo,pokeball,NONE,50,0.0,0.005968745491562214,0.3,2.337863078800395e-06
mewtwo,pokeball,NONE,49,0.0,0.006011216311570092,0.3,2.4256260612392204e-06
mewtwo,pokeball,NONE,48,0.0,0.006039557014096348,0.3,2.438204512581241e-06
mewtwo,pokeball,NONE,47,0.0,0.0060754236160046075,0.3,2.4719439349103477e-06
mewtwo,pokeball,NONE,46,0.0,0.006116646931894266,0.4,2.528295508902996e-06
mewtwo,pokeball,NONE,45,0.0,0.006154147831408067,0.4,2.5774083324578893e-06
mewtwo,pokeball,NONE,44,0.0,0.006183802342826928,0.4,2.5849560203778008e-06
mewtwo,pokeball,NONE,43,0.0,0.0062207369769480565,0.4,2.6453078223154974e-06
mewtwo,pokeball,NONE,42,0.0,0.006257974260636929,0.4,2.724162301042158e-06
mewtwo,pokeball,NONE,41,0.0,0.006304937985870842,0.4,2.824255925641535e-06
mewtwo,pokeball,NONE,40,0.0,0.006349254908072547,0.4,2.9117833401530897e-06
mewtwo,pokeball,NONE,39,0.0,0.006387401162813623,0.4,2.990295058348702e-06
mewtwo,pokeball,NONE,38,0.0,0.0064256822191239285,0.4,3.050663813588618e-06
mewtwo,pokeball,NONE,37,0.0,0.006461001516582965,0.4,3.094634990480528e-06
mewtwo,pokeball,NONE,36,0.0,0.006500498236895419,0.4,3.1789831112329614e-06
mewtwo,pokeball,NONE,35,0.0,0.006547175824238872,0.4,3.296343041221308e-06
mewtwo,pokeball,NONE,34,0.0,0.006593660235968984,0.4,3.4233840649457944e-06
mewtwo,pokeball,NONE,33,0.0,0.006633951924947606,0.5,3.5069218594252716e-06
mewtwo,pokeball,NONE,32,0.0,0.006676131037558048,0.5,3.6012641308075687e-06
mewtwo,pokeball,NONE,31,0.0,0.0067198958939151685,0.5,3.699293213834269e-06
mewtwo,pokeball,NONE,30,0.0,0.006751502198945641,0.5,3.73751445214815e-06
mewtwo,pokeball,NONE,29,0.0,0.00679841675191101,0.6,3.861273397975641e-06
mewtwo,pokeball,NONE,28,0.0,0.006844487730116549,0.6,3.984659971966242e-06
mewtwo,pokeball,NONE,27,0.0,0.006884694491922014,0.6,4.075007375692996e-06
mewtwo,pokeball,NONE,26,0.0,0.006935068387812067,0.6,4.223108230210191e-06
mewtwo,pokeball,NONE,25,0.0,0.006988617684733029,0.6,4.4006907936210395e-06
mewtwo,pokeball,NONE,24,0.0,0.007026867891558481,0.6,4.460823142537359e-06
mewtwo,pokeball,NONE,23,0.0,0.007064608118828065,0.6,4.534546673688898e-06
mewtwo,pokeball,NONE,22,0.0,0.007107178230013075,0.6,4.631327735515413e-06
mewtwo,pokeball,NONE,21,0.0,0.007141876531268654,0.7,4.694045449396774e-06
mewtwo,pokeball,NONE,20,0.0,0.007177852468145617,0.7,4.7809555606277406e-06
mewtwo,pokeball,NONE,19,0.0,0.00721320069513915,0.7,4.84272433879603e-06
mewtwo,pokeball,NONE,18,0.0,0.007248566883289852,0.8,4.931626646111097e-06
mewtwo,pokeball,NONE,17,0.0,0.007292862109290859,0.9,5.062730530889507e-06
mewtwo,pokeball,NONE,16,0.0,0.007334643847136177,0.9,5.186805937473798e-06
mewtwo,pokeball,NONE,15,0.0,0.007380728486459103,0.9,5.321777961044039e-06
mewtwo,pokeball,NONE,14,0.0,0.007417773139290757,0.9,5.396861317481207e-06
mewtwo,pokeball,NONE,13,0.0,0.0074653392999634955,0.9,5.550273214955662e-06
mewtwo,pokeball,NONE,12,0.0,0.007510528721627234,0.9,5.688387215845713e-06
mewtwo,pokeball,NONE,11,0.0,0.007556571276222445,0.9,5.83187666194117e-06
mewtwo,pokeball,NONE,10,0.0,0.0075990901024910185,0.9,5.95925982217837e-06
mewtwo,pokeball,NONE,9,0.0,0.007643404001458188,0.9,6.099541132541706e-06
mewtwo,pokeball,NONE,8,0.0,0.007686545272722856,1.0,6.218841907740236e-06
mewtwo,pokeball,NONE,7,0.0,0.007728871033244359,1.0,6.361835597079984e-06
mewtwo,pokeball,NONE,6,0.0,0.007769074186930443,1.0,6.476959804242279e-06
mewtwo,pokeball,NONE,5,0.0,0.007810193033466297,1.0,6.6466599561176125e-06
mewtwo,pokeball,NONE,4,0.0,0.007852416148421765,1.0,6.769097678353521e-06
mewtwo,pokeball,NONE,3,0.0,0.007894913806336347,1.0,6.889994416253923e-06
mewtwo,pokeball,NONE,2,0.0,0.007938778716736816,1.0,7.025874941168875e-06
mewtwo,ultraball,NONE,100,0.0,0.007892703100708309,0.0,1.0356195428421052e-06
mewtwo,ultraball,NONE,99,0.0,0.007835007762394186,0.0,7.304751487101211e-07
mewtwo,ultraball,NONE,98,0.0,0.007792902558365481,0.0,8.690170604099714e-07
mewtwo,ultraball,NONE,97,0.0,0.007984068010444297,0.0,9.773159417394897e-07
mewtwo,ultraball,NONE,96,0.0,0.007914197580585014,0.0,1.0554397844233278e-06
mewtwo,ultraball,NONE,95,0.0,0.008057294220475762,0.0,1.1886439325025447e-06
mewtwo,ultraball,NONE,94,0.0,0.008205241005088697,0.0,1.3815776186545724e-06
mewtwo,ultraball,NONE,93,0.0,0.008204274129782566,0.0,1.3259840996101938e-06
mewtwo,ultraball,NONE,92,0.0,0.008319712593944734,0.0,1.512600448787271e-06
mewtwo,ultraball,NONE,91,0.0,0.008424544433133223,0.0,1.593112017119588e-06
mewtwo,ultraball,NONE,90,0.0,0.008539055664113187,0.0,1.704684235233271e-06
mewtwo,ultraball,NONE,89,0.0,0.008653185136208138,0.0,1.9326993760491787e-06
mewtwo,ultraball,NONE,88,0.0,0.00876644205235443,0.0,1.994961815430464e-06
mewtwo,ultraball,NONE,87,0.0,0.008849180569421605,0.0,2.0931935016935287e-06
mewtwo,ultraball,NONE,86,0.0,0.008917788766396833,0.0,2.2375115746826785e-06
mewtwo,ultraball,NONE,85,0.0,0.008991105994662497,0.0,2.2973230159161993e-06
mewtwo,ultraball,NONE,84,0.0,0.009070523763658347,0.1,2.384748447979196e-06
mewtwo,ultraball,NONE,83,0.0,0.009121052758375272,0.2,2.4048962642275135e-06
mewtwo,ultraball,NONE,82,0.0,0.00924162150289982,0.2,2.6869358097516035e-06
mewtwo,ultraball,NONE,81,0.0,0.00932562548326924,0.2,2.8916807693210384e-06
mewtwo,ultraball,NONE,80,0.0,0.009421283338137633,0.2,3.0497868097617248e-06
mewtwo,ultraball,NONE,79,0.0,0.009493866794805704,0.2,3.289242634747169e-06
mewtwo,ultraball,NONE,78,0.0,0.009580253305524557,0.2,3.390854055539455e-06
mewtwo,ultraball,NONE,77,0.0,0.009679428028939759,0.2,3.613906535072043e-06
mewtwo,ultraball,NONE,76,0.0,0.009778909545108409,0.2,3.763639036940433e-06
mewtwo,ultraball,NONE,75,0.0,0.009859374386621657,0.4,3.826616731807746e-06
mewtwo,ultraball,NONE,74,0.0,0.009938803204672195,0.4,3.918651023785204e-06
mewtwo,ultraball,NONE,73,0.0,0.010002683886361687,0.5,4.109446936932904e-06
mewtwo,ultraball,NONE,72,0.0,0.010091714611008658,0.5,4.291015055993469e-06
mewtwo,ultraball,NONE,71,0.0,0.010183995608328575,0.5,4.5092837137874246e-06
mewtwo,ultraball,NONE,70,0.0,0.010251407329171383,0.6,4.594649513785967e-06
mewtwo,ultraball,NONE,69,0.0,0.010327477191152096,0.6,4.735369229107982e-06
mewtwo,ultraball,NONE,68,0.0,0.010424665981732213,0.6,5.100707299913802e-06
mewtwo,ultraball,NONE,67,0.0,0.010492042663231615,0.6,5.1579925318580254e-06
mewtwo,ultraball,NONE,66,0.0,0.0105803463838145,0.6,5.381602055377785e-06
mewtwo,ultraball,NONE,65,0.0,0.010646160777974421,0.6,5.442950225160768e-06
mewtwo,ultraball,NONE,64,0.0,0.01074786733342107,0.7,5.837111353660948e-06
mewtwo,ultraball,NONE,63,0.0,0.010819289046183964,0.7,6.072526196455416e-06
mewtwo,ultraball,NONE,62,0.0,0.010893533143558088,0.7,6.2571286372397935e-06
mewtwo,ultraball,NONE,61,0.0,0.01095837162221018,0.8,6.422753542208951e-06
mewtwo,ultraball,NONE,60,0.0,0.011038210589206888,0.9,6.650881643026301e-06
mewtwo,ultraball,NONE,59,0.0,0.011119687997054076,0.9,6.794208054050933e-06
mewtwo,ultraball,NONE,58,0.0,0.011205026878689966,0.9,7.060946358145964e-06
mewtwo,ultraball,NONE,57,0.0,0.011290012905772168,0.9,7.259879211526747e-06
mewtwo,ultraball,NONE,56,0.0,0.011350736885746846,0.9,7.542932820642429e-06
mewtwo,ultraball,NONE,55,0.0,0.011418318366319619,0.9,7.660572816244588e-06
mewtwo,ultraball,NONE,54,0.0,0.01150367661363313,0.9,7.890368401704273e-06
mewtwo,ultraball,NONE,53,0.0,0.011586920009898034,0.9,8.230679807918771e-06
mewtwo,ultraball,NONE,52,0.0,0.011685204363583501,0.9,8.598544193406336e-06
mewtwo,ultraball,NONE,51,0.0,0.011773126471782348,0.9,8.853936136967815e-06
mewtwo,ultraball,NONE,50,0.0,0.011838279511782679,0.9,8.987845654121326e-06
mewtwo,ultraball,NONE,49,0.0,0.011910593153112181,0.9,9.119038471596282e-06
mewtwo,ultraball,NONE,48,0.0,0.01200505188920925,0.9,9.488165969195116e-06
mewtwo,ultraball,NONE,47,0.0,0.01209169022520314,0.9,9.779700191001282e-06
mewtwo,ultraball,NONE,46,0.0,0.012181603940140295,0.9,1.0182184782480861e-05
mewtwo,ultraball,NONE,45,0.0,0.012236995327956284,0.9,1.0245209055993007e-05
mewtwo,ultraball,NONE,44,0.0,0.012334229674700888,0.9,1.065820222545452e-05
mewtwo,ultraball,NONE,43,0.0,0.012423501756525174,0.9,1.0990504169533848e-05
mewtwo,ultraball,NONE,42,0.0,0.012495319635278482,0.9,1.1274040132832434e-05
mewtwo,ultraball,NONE,41,0.0,0.012590104034902667,0.9,1.1708015260175627e-05
mewtwo,ultraball,NONE,40,0.0,0.012675294163459173,0.9,1.2101471154807323e-05
mewtwo,ultraball,NONE,39,0.0,0.012748634446729303,0.9,1.2336616264776806e-05
mewtwo,ultraball,NONE,38,0.0,0.012822710678898888,0.9,1.2526702365067548e-05
mewtwo,ultraball,NONE,37,0.0,0.012897232793649896,0.9,1.2727028589981806e-05
mewtwo,ultraball,NONE,36,0.0,0.012980755845957061,1.0,1.3186119810232092e-05
mewtwo,ultraball,NONE,35,0.0,0.013070902300668397,1.0,1.3652672248240285e-05
mewtwo,ultraball,NONE,34,0.0,0.013151743981507868,1.1,1.3951050705572757e-05
mewtwo,ultraball,NONE,33,0.0,0.013212560170183718,1.2,1.4052739036683615e-05
mewtwo,ultraball,NONE,32,0.0,0.013295876544204046,1.2,1.4357693590193458e-05
mewtwo,ultraball,NONE,31,0.0,0.013364238400440041,1.2,1.4568913630246072e-05
mewtwo,ultraball,NONE,30,0.0,0.013443109079510305,1.2,1.4865967754461944e-05
mewtwo,ultraball,NONE,29,0.0,0.013526745907459083,1.2,1.5251169507422174e-05
mewtwo,ultraball,NONE,28,0.0,0.013620655469717143,1.2,1.5769388029651427e-05
mewtwo,ultraball,NONE,27,0.0,0.01367223101162859,1.3,1.586530948895522e-05
mewtwo,ultraball,NONE,26,0.0,0.013736088766294993,1.3,1.601736343483586e-05
mewtwo,ultraball,NONE,25,0.0,0.013795474132721293,1.3,1.616280370356383e-05
mewtwo,ultraball,NONE,24,0.0,0.013895553619603845,1.3,1.6836664602469625e-05
mewtwo,ultraball,NONE,23,0.0,0.013977405200829617,1.3,1.726985996728428e-05
mewtwo,ultraball,NONE,22,0.0,0.014071699600964818,1.3,1.7857044816454745e-05
mewtwo,ultraball,NONE,21,0.0,0.014150883180307217,1.3,1.8153919520326377e-05
mewtwo,ultraball,NONE,20,0.0,0.014220934040743618,1.3,1.8408035353686152e-05
mewtwo,ultraball,NONE,19,0.0,0.014293318779142852,1.3,1.8725213249123737e-05
mewtwo,ultraball,NONE,18,0.0,0.01439079150857518,1.3,1.9306359214442576e-05
mewtwo,ultraball,NONE,17,0.0,0.014450632414852074,1.3,1.9517926059153738e-05
mewtwo,ultraball,NONE,16,0.0,0.01450914324196457,1.3,1.9699846718476022e-05
mewtwo,ultraball,NONE,15,0.0,0.014574851846865815,1.3,1.9918570968109874e-05
mewtwo,ultraball,NONE,14,0.0,0.01464003751184192,1.5,2.0217466281193357e-05
mewtwo,ultraball,NONE,13,0.0,0.014720263350555552,1.5,2.0689862313291333e-05
mewtwo,ultraball,NONE,12,0.0,0.014813392077234623,1.6,2.130602316095542e-05
mewtwo,ultraball,NONE,11,0.0,0.014909098985404646,1.6,2.2098803505787033e-05
mewtwo,ultraball,NONE,10,0.0,0.014992508175735502,1.6,2.254593767688418e-05
mewtwo,ultraball,NONE,9,0.0,0.01506687111076327,1.6,2.2892215967459547e-05
mewtwo,ultraball,NONE,8,0.0,0.015148373490382006,1.6,2.3458254695893876e-05
mewtwo,ultraball,NONE,7,0.0,0.015228943274098893,1.6,2.3908057117469353e-05
mewtwo,ultraball,NONE,6,0.0,0.015305236712680463,1.6,2.4367623732464606e-05
mewtwo,ultraball,NONE,5,0.0,0.01536548633469147,1.6,2.449657650547065e-05
mewtwo,ultraball,NONE,4,0.0,0.015457404662281215,1.7,2.512683242671018e-05
mewtwo,ultraball,NONE,3,0.0,0.015532580454939462,1.7,2.559954417370974e-05
mewtwo,ultraball,NONE,2,0.0,0.015604318728340982,1.7,2.5996892080153555e-05
mewtwo,fastball,NONE,100,0.0,0.0155800408093512,0.0,3.271657557775211e-06
mewtwo,fastball,NONE,99,0.0,0.015963925954622458,0.0,3.1490431996829656e-06
mewtwo,fastball,NONE,98,0.0,0.01572535520033687,0.0,4.976094761107525e-06
mewtwo,fastball,NONE,97,0.0,0.01626763924605494,0.0,6.461263423439217e-06
mewtwo,fastball,NONE,96,0.0,0.016329276414707886,0.1,6.371157415986683e-06
mewtwo,fastball,NONE,95,0.0,0.016229552399455987,0.1,6.795681834161173e-06
mewtwo,fastball,NONE,94,0.0,0.016343403935817458,0.1,6.668053199637136e-06
mewtwo,fastball,NONE,93,0.0,0.01638767718150038,0.1,6.37771094839374e-06
mewtwo,fastball,NONE,92,0.0,0.016672135000438657,0.1,7.086134480195197e-06
mewtwo,fastball,NONE,91,0.0,0.01687277494369727,0.2,7.430716498154031e-06
mewtwo,fastball,NONE,90,0.0,0.017107189550000953,0.2,7.68457516915762e-06
mewtwo,fastball,NONE,89,0.0,0.01716505052069475,0.2,7.459551682444509e-06
mewtwo,fastball,NONE,88,0.0,0.01735868417590548,0.3,8.130427431253935e-06
mewtwo,fastball,NONE,87,0.0,0.017582955485263542,0.4,8.709313273069075e-06
mewtwo,fastball,NONE,86,0.0,0.017670748546769005,0.4,8.698360084820235e-06
mewtwo,fastball,NONE,85,0.0,0.01777532926036359,0.6,9.307517159813286e-06
mewtwo,fastball,NONE,84,0.0,0.017931216102334575,0.6,9.563401393865514e-06
mewtwo,fastball,NONE,83,0.0,0.0180304807158736,0.6,9.821639012041813e-06
mewtwo,fastball,NONE,82,0.0,0.018186529064467882,0.6,9.979140493836444e-06
mewtwo,fastball,NONE,81,0.0,0.018366906204485937,0.6,1.0256929124088954e-05
mewtwo,fastball,NONE,80,0.0,0.018489613334841146,0.6,1.0290376438078383e-05
mewtwo,fastball,NONE,79,0.0,0.01868916972953399,0.6,1.0921301732937476e-05
mewtwo,fastball,NONE,78,0.0,0.018876891137677824,0.6,1.1597400045073073e-05
mewtwo,fastball,NONE,77,0.0,0.019098605697447917,0.6,1.2733134940968101e-05
mewtwo,fastball,NONE,76,0.0,0.019359097269168665,0.7,1.4208242157464281e-05
mewtwo,fastball,NONE,75,0.0,0.019514762107370905,0.7,1.4623169152090042e-05
mewtwo,fastball,NONE,74,0.0,0.019669787600242728,0.8,1.5372695025503263e-05
mewtwo,fastball,NONE,73,0.0,0.01985734840232218,0.8,1.6675621341323108e-05
mewtwo,fastball,NONE,72,0.0,0.020003264591515763,0.8,1.720182137128625e-05
mewtwo,fastball,NONE,71,0.0,0.020146352958079688,0.8,1.7717741380825854e-05
mewtwo,fastball,NONE,70,0.0,0.020331097792922317,0.8,1.860226912433878e-05
mewtwo,fastball,NONE,69,0.0,0.020523928291497424,0.9,1.9355208919289912e-05
mewtwo,fastball,NONE,68,0.0,0.020698270599673167,1.0,1.984414809150891e-05
mewtwo,fastball,NONE,67,0.0,0.02083591169433027,1.0,2.0486204769733654e-05
mewtwo,fastball,NONE,66,0.0,0.02099979979657379,1.1,2.1060484563654025e-05
mewtwo,fastball,NONE,65,0.0,0.02114919672798533,1.2,2.194911393106791e-05
mewtwo,fastball,NONE,64,0.0,0.02129256356439736,1.2,2.2424315122131694e-05
mewtwo,fastball,NONE,63,0.0,0.021489311628769662,1.2,2.3636267792118357e-05
mewtwo,fastball,NONE,62,0.0,0.021634833730088555,1.2,2.429208550930957e-05
mewtwo,fastball,NONE,61,0.0,0.0218215160244892,1.2,2.5380442721220027e-05
mewtwo,fastball,NONE,60,0.0,0.021943666006429757,1.2,2.6048539359432424e-05
mewtwo,fastball,NONE,59,0.0,0.022160249363661365,1.2,2.783328438288721e-05
mewtwo,fastball,NONE,58,0.0,0.022348156253728726,1.3,2.9164800889557046e-05
mewtwo,fastball,NONE,57,0.0,0.022507667469627374,1.3,2.986288868462707e-05
mewtwo,fastball,NONE,56,0.0,0.022623938893814925,1.3,3.036159956235182e-05
mewtwo,fastball,NONE,55,0.0,0.022733996076493252,1.3,3.0621294474110986e-05
mewtwo,fastball,NONE,54,0.0,0.02290347727854392,1.3,3.151821359395155e-05
mewtwo,fastball,NONE,53,0.0,0.023107118800709887,1.3,3.337352970113551e-05
mewtwo,fastball,NONE,52,0.0,0.023269860023177835,1.3,3.414196662295069e-05
mewtwo,fastball,NONE,51,0.0,0.023410392783650227,1.3,3.474532417092016e-05
mewtwo,fastball,NONE,50,0.0,0.023560069074348558,1.4,3.575032820146691e-05
mewtwo,fastball,NONE,49,0.0,0.02375220019995718,1.4,3.717973064757138e-05
mewtwo,fastball,NONE,48,0.0,0.023863510374244095,1.4,3.7751674116485884e-05
mewtwo,fastball,NONE,47,0.0,0.024045551761149503,1.5,3.914144213081847e-05
mewtwo,fastball,NONE,46,0.0,0.024209784498188742,1.5,4.0215332148608815e-05
mewtwo,fastball,NONE,45,0.0,0.024343177726309465,1.5,4.099123654831356e-05
mewtwo,fastball,NONE,44,0.0,0.024482163460255658,1.5,4.2034191035126206e-05
mewtwo,fastball,NONE,43,0.0,0.02468588253788888,1.6,4.3883152493527815e-05
mewtwo,fastball,NONE,42,0.0,0.024849923552891093,1.6,4.526753919929979e-05
mewtwo,fastball,NONE,41,0.0,0.02499708172720685,1.6,4.641077608697335e-05
mewtwo,fastball,NONE,40,0.0,0.02514910053790652,1.7,4.777504779750034e-05
mewtwo,fastball,NONE,39,0.0,0.025328381375201686,1.8,4.9249783250645266e-05
mewtwo,fastball,NONE,38,0.0,0.02543280946775273,1.8,4.9404104105112304e-05
mewtwo,fastball,NONE,37,0.0,0.02562101941977768,1.9,5.130381139038689e-05
mewtwo,fastball,NONE,36,0.0,0.025814197840723578,1.9,5.320668113807966e-05
mewtwo,fastball,NONE,35,0.0,0.026009407002611857,2.0,5.516326150063033e-05
mewtwo,fastball,NONE,34,0.0,0.026180176162471272,2.0,5.679927218144734e-05
mewtwo,fastball,NONE,33,0.0,0.026347868968289005,2.0,5.80549029492845e-05
mewtwo,fastball,NONE,32,0.0,0.026473066836621536,2.2,5.8778525744466624e-05
mewtwo,fastball,NONE,31,0.0,0.02662089374927703,2.2,5.9913046770077266e-05
mewtwo,fastball,NONE,30,0.0,0.026790548843685313,2.2,6.141839403240637e-05
mewtwo,fastball,NONE,29,0.0,0.02697903403880511,2.2,6.333679321964725e-05
mewtwo,fastball,NONE,28,0.0,0.02717365788030989,2.3,6.537171490356219e-05
mewtwo,fastball,NONE,27,0.0,0.027280870719967685,2.3,6.573002187450019e-05
mewtwo,fastball,NONE,26,0.0,0.02744274886804353,2.3,6.701953357457157e-05
mewtwo,fastball,NONE,25,0.0,0.027627353798264403,2.3,6.918273382016669e-05
mewtwo,fastball,NONE,24,0.0,0.027746919483092672,2.3,7.022676088576962e-05
mewtwo,fastball,NONE,23,0.0,0.027910534129901174,2.3,7.204315602648413e-05
mewtwo,fastball,NONE,22,0.0,0.028064151738195445,2.3,7.311167055764732e-05
mewtwo,fastball,NONE,21,0.0,0.028231067344162083,2.4,7.519466546901541e-05
mewtwo,fastball,NONE,20,0.0,0.028425329946710647,2.4,7.774885385758417e-05
mewtwo,fastball,NONE,19,0.0,0.02858381939057106,2.5,7.894182176285872e-05
mewtwo,fastball,NONE,18,0.0,0.028732569507079798,2.5,8.050733162928052e-05
mewtwo,fastball,NONE,17,0.0,0.028951153606639166,2.5,8.374005888330597e-05
mewtwo,fastball,NONE,16,0.0,0.029154511271909284,2.6,8.694653879634327e-05
mewtwo,fastball,NONE,15,0.0,0.02931089486749472,2.6,8.849108477685019e-05
mewtwo,fastball,NONE,14,0.0,0.029469730213244408,2.7,9.001357922348715e-05
mewtwo,fastball,NONE,13,0.0,0.02956969711617017,2.8,9.041102244837321e-05
mewtwo,fastball,NONE,12,0.0,0.029748552506909227,2.8,9.274276648086931e-05
mewtwo,fastball,NONE,11,0.0,0.0299168153352,2.8,9.460390562373613e-05
mewtwo,fastball,NONE,10,0.0,0.03006579731336498,2.8,9.586353963762269e-05
mewtwo,fastball,NONE,9,0.0,0.030278206497515437,2.8,9.90724408969051e-05
mewtwo,fastball,NONE,8,0.0,0.030426106253521035,2.9,0.00010065122192570836
mewtwo,fastball,NONE,7,0.0,0.03056832865503885,2.9,0.00010209460290528817
mewtwo,fastball,NONE,6,0.0,0.030730352488482566,2.9,0.00010407873886546199
mewtwo,fastball,NONE,5,0.0,0.03087910233890649,3.0,0.00010543935268049825
mewtwo,fastball,NONE,4,0.0,0.03105379377406777,3.1,0.00010752060473975564
mewtwo,fastball,NONE,3,0.0,0.031180339837670584,3.2,0.00010885432902977
mewtwo,fastball,NONE,2,0.0,0.0313366487505468,3.3,0.00011055998994367617
mewtwo,heavyball,NONE,100,0.0,0.0013139762619548139,0.0,1.844318212646836e-08
mewtwo,heavyball,NONE,99,0.0,0.0013959852242979571,0.0,2.477311252611413e-08
mewtwo,heavyball,NONE,98,0.0,0.0014059355532014147,0.0,2.098350862960746e-08
mewtwo,heavyball,NONE,97,0.0,0.001395466756637263,0.0,2.625137153571343e-08
mewtwo,heavyball,NONE,96,0.0,0.0013833576861970443,0.0,3.0202770414556045e-08
mewtwo,heavyball,NONE,95,0.0,0.001395347285943126,0.0,2.903506877279464e-08
mewtwo,heavyball,NONE,94,0.0,0.0014163169859270912,0.0,3.457000048801646e-08
mewtwo,heavyball,NONE,93,0.0,0.0014368892717909875,0.0,3.861965581629424e-08
mewtwo,heavyball,NONE,92,0.0,0.001437930909179254,0.0,3.696008820571621e-08
mewtwo,heavyball,NONE,91,0.0,0.0014574609142931488,0.0,4.242301953143736e-08
mewtwo,heavyball,NONE,90,0.0,0.001479125739250451,0.0,4.550934010616524e-08
mewtwo,heavyball,NONE,89,0.0,0.0014794057232662937,0.0,4.338016619624855e-08
mewtwo,heavyball,NONE,88,0.0,0.0014831472646622793,0.0,4.3715114762828536e-08
mewtwo,heavyball,NONE,87,0.0,0.0014891421813153886,0.0,4.755197229625382e-08
mewtwo,heavyball,NONE,86,0.0,0.0014943014949927698,0.0,4.901161236249885e-08
mewtwo,heavyball,NONE,85,0.0,0.001506978694598256,0.0,5.193731026271579e-08
mewtwo,heavyball,NONE,84,0.0,0.0015272522983049062,0.0,5.7734545604302915e-08
mewtwo,heavyball,NONE,83,0.0,0.0015467816617826362,0.0,6.405985050235427e-08
mewtwo,heavyball,NONE,82,0.0,0.0015623208955142234,0.0,6.738659292318698e-08
mewtwo,heavyball,NONE,81,0.0,0.0015690043988650666,0.0,6.608106735312144e-08
mewtwo,heavyball,NONE,80,0.0,0.0015787461263527865,0.0,6.943697811583945e-08
mewtwo,heavyball,NONE,79,0.0,0.0015968349840562173,0.0,7.611573999605399e-08
mewtwo,heavyball,NONE,78,0.0,0.0016109165970895607,0.0,7.923080839575724e-08
mewtwo,heavyball,NONE,77,0.0,0.0016240437906144883,0.0,8.207066244745667e-08
mewtwo,heavyball,NONE,76,0.0,0.0016341167807770937,0.0,8.27231269569026e-08
mewtwo,heavyball,NONE,75,0.0,0.001649820226217401,0.0,8.797664062881369e-08
mewtwo,heavyball,NONE,74,0.0,0.001667460507095507,0.0,9.536555413175084e-08
mewtwo,heavyball,NONE,73,0.0,0.001675840901496305,0.0,9.762531395601345e-08
mewtwo,heavyball,NONE,72,0.0,0.0016901576622019333,0.0,1.0130240128462679e-07
mewtwo,heavyball,NONE,71,0.0,0.0017042440180928505,0.0,1.0633865983764665e-07
mewtwo,heavyball,NONE,70,0.0,0.0017098634972437835,0.0,1.0775804920923356e-07
mewtwo,heavyball,NONE,69,0.0,0.0017257835295421658,0.0,1.1351569032776877e-07
mewtwo,heavyball,NONE,68,0.0,0.0017367133799348145,0.0,1.1713156079530945e-07
mewtwo,heavyball,NONE,67,0.0,0.001751487845884635,0.0,1.226523053132667e-07
mewtwo,heavyball,NONE,66,0.0,0.0017626296849704813,0.0,1.274527030355865e-07
mewtwo,heavyball,NONE,65,0.0,0.0017733531273448446,0.0,1.311534914444948e-07
mewtwo,heavyball,NONE,64,0.0,0.0017892520022754865,0.0,1.3914856875922032e-07
mewtwo,heavyball,NONE,63,0.0,0.0018037200900286828,0.0,1.4484414742482956e-07
mewtwo,heavyball,NONE,62,0.0,0.001821779060069838,0.0,1.578281604793114e-07
mewtwo,heavyball,NONE,61,0.0,0.0018280760451988229,0.1,1.5902205871472903e-07
mewtwo,heavyball,NONE,60,0.0,0.001845695519209029,0.1,1.7105838992232322e-07
mewtwo,heavyball,NONE,59,0.0,0.0018604182893524504,0.2,1.7774279047411948e-07
mewtwo,heavyball,NONE,58,0.0,0.0018794771763037872,0.2,1.9235337054434273e-07
mewtwo,heavyball,NONE,57,0.0,0.001893137660933155,0.2,1.9918309563855137e-07
mewtwo,heavyball,NONE,56,0.0,0.0019085456337392776,0.2,2.0696331273435077e-07
mewtwo,heavyball,NONE,55,0.0,0.0019193389294195494,0.2,2.0996243150839554e-07
mewtwo,heavyball,NONE,54,0.0,0.0019333822102645956,0.2,2.1782099300880523e-07
mewtwo,heavyball,NONE,53,0.0,0.0019469397457903823,0.2,2.241676366154146e-07
mewtwo,heavyball,NONE,52,0.0,0.001962998362569663,0.2,2.3652241939771065e-07
mewtwo,heavyball,NONE,51,0.0,0.0019775089693181524,0.2,2.4393195027404117e-07
mewtwo,heavyball,NONE,50,0.0,0.001988137788095612,0.3,2.4550753933954597e-07
mewtwo,heavyball,NONE,49,0.0,0.002001574114562944,0.3,2.5110025146965396e-07
mewtwo,heavyball,NONE,48,0.0,0.002015763667536554,0.3,2.589268899093252e-07
mewtwo,heavyball,NONE,47,0.0,0.0020262495885657655,0.3,2.621594588291441e-07
mewtwo,heavyball,NONE,46,0.0,0.0020410049584463994,0.3,2.711125819495182e-07
mewtwo,heavyball,NONE,45,0.0,0.002053182981324202,0.3,2.760770897063572e-07
mewtwo,heavyball,NONE,44,0.0,0.0020680722483302884,0.3,2.902359843235473e-07
mewtwo,heavyball,NONE,43,0.0,0.0020754379252915186,0.3,2.931125270539056e-07
mewtwo,heavyball,NONE,42,0.0,0.002086720129730315,0.3,2.9743631033191405e-07
mewtwo,heavyball,NONE,41,0.0,0.00209808767331819,0.3,3.0504080213319586e-07
mewtwo,heavyball,NONE,40,0.0,0.002113307369150316,0.3,3.1594124176235846e-07
mewtwo,heavyball,NONE,39,0.0,0.002125159704343165,0.3,3.216816362204747e-07
mewtwo,heavyball,NONE,38,0.0,0.002135188955319399,0.3,3.2400255495117193e-07
mewtwo,heavyball,NONE,37,0.0,0.0021501048239518246,0.3,3.3573856689375624e-07
mewtwo,heavyball,NONE,36,0.0,0.002163905448655112,0.3,3.455841404961135e-07
mewtwo,heavyball,NONE,35,0.0,0.002179688358779949,0.3,3.607065973921309e-07
mewtwo,heavyball,NONE,34,0.0,0.00219431346842974,0.3,3.7189528559444427e-07
mewtwo,heavyball,NONE,33,0.0,0.0022047584678203318,0.3,3.7591342612038606e-07
mewtwo,heavyball,NONE,32,0.0,0.0022175892313106133,0.3,3.8601472782175737e-07
mewtwo,heavyball,NONE,31,0.0,0.002232675275803605,0.3,3.9785870976263153e-07
mewtwo,heavyball,NONE,30,0.0,0.0022474047187367907,0.3,4.1119284925315843e-07
mewtwo,heavyball,NONE,29,0.0,0.002261891562626621,0.3,4.2320963881513294e-07
mewtwo,heavyball,NONE,28,0.0,0.0022723757830069935,0.3,4.270550535627336e-07
mewtwo,heavyball,NONE,27,0.0,0.0022841140378077537,0.3,4.379290621291197e-07
mewtwo,heavyball,NONE,26,0.0,0.002300134339222008,0.3,4.5223573423285874e-07
mewtwo,heavyball,NONE,25,0.0,0.0023103551618102692,0.3,4.5758737065858516e-07
mewtwo,heavyball,NONE,24,0.0,0.0023206008598492755,0.3,4.625858426467233e-07
mewtwo,heavyball,NONE,23,0.0,0.00233411363730708,0.3,4.7352618992866635e-07
mewtwo,heavyball,NONE,22,0.0,0.0023486810821503113,0.3,4.859756206347912e-07
mewtwo,heavyball,NONE,21,0.0,0.002359776148373544,0.3,4.940091177587395e-07
mewtwo,heavyball,NONE,20,0.0,0.0023723777350904336,0.3,5.022639743341449e-07
mewtwo,heavyball,NONE,19,0.0,0.0023824848237137676,0.3,5.074742049646195e-07
mewtwo,heavyball,NONE,18,0.0,0.002394741798975261,0.3,5.196826551246556e-07
mewtwo,heavyball,NONE,17,0.0,0.002408133910438373,0.3,5.329449678461993e-07
mewtwo,heavyball,NONE,16,0.0,0.002422371072387048,0.3,5.449339038471633e-07
mewtwo,heavyball,NONE,15,0.0,0.002432900049233429,0.3,5.506125039643583e-07
mewtwo,heavyball,NONE,14,0.0,0.002444095842624325,0.3,5.570995438183703e-07
mewtwo,heavyball,NONE,13,0.0,0.002458897181300478,0.3,5.728353758070472e-07
mewtwo,heavyball,NONE,12,0.0,0.0024708183995236304,0.3,5.80497281969707e-07
mewtwo,heavyball,NONE,11,0.0,0.002481773190888098,0.3,5.878537902866618e-07
mewtwo,heavyball,NONE,10,0.0,0.00249656715036246,0.3,6.076312209014571e-07
mewtwo,heavyball,NONE,9,0.0,0.0025082228983174097,0.3,6.147377627512993e-07
mewtwo,heavyball,NONE,8,0.0,0.0025210178844915095,0.3,6.25636986153215e-07
mewtwo,heavyball,NONE,7,0.0,0.002533067370661902,0.3,6.355182928002882e-07
mewtwo,heavyball,NONE,6,0.0,0.002547884751338797,0.4,6.509155519454089e-07
mewtwo,heavyball,NONE,5,0.0,0.002561119806098591,0.4,6.651096948382744e-07
mewtwo,heavyball,NONE,4,0.0,0.002577379508899627,0.4,6.849315824484574e-07
mewtwo,heavyball,NONE,3,0.0,0.002589095947112737,0.5,6.939938567438671e-07
mewtwo,heavyball,NONE,2,0.0,0.0025994821101590557,0.5,6.998647494062451e-07
